id,race_id,event_id,count_date,registered_count,completed_count,active_count,incomplete_count,registered_male_count,registered_female_count,registered_non_binary_count,registered_unspecified_count,group_count,donations_count,donations_total,credentials_used,timing_partner_id
1,314,915644,"2025-06-03 17:41:12",74,0,74,0,0,0,0,74,0,0,0.00,yHvMFx1y...,6
2,928,962560,"2025-06-03 17:41:12",29,0,29,0,0,0,0,29,0,0,0.00,hNkiyApi...,9
3,1033,920516,"2025-06-03 17:41:12",0,0,0,0,0,0,0,0,0,0,0.00,yHvMFx1y...,6
4,1033,920517,"2025-06-03 17:41:12",0,0,0,0,0,0,0,0,0,0,0.00,yHvMFx1y...,6
5,1033,920518,"2025-06-03 17:41:12",0,0,0,0,0,0,0,0,0,0,0.00,yHvMFx1y...,6
6,1033,920519,"2025-06-03 17:41:12",0,0,0,0,0,0,0,0,0,0,0.00,yHvMFx1y...,6
7,1818,1000588,"2025-06-03 17:41:12",5,0,5,0,0,0,0,5,0,0,0.00,8Rs1dOb7...,7
8,1818,1000589,"2025-06-03 17:41:12",0,0,0,0,0,0,0,0,0,0,0.00,8Rs1dOb7...,7
9,3654,931549,"2025-06-03 17:41:12",0,0,0,0,0,0,0,0,0,0,0.00,yHvMFx1y...,6
10,3654,931550,"2025-06-03 17:41:12",0,0,0,0,0,0,0,0,0,0,0.00,yHvMFx1y...,6
11,3654,931551,"2025-06-03 17:41:12",0,0,0,0,0,0,0,0,0,0,0.00,yHvMFx1y...,6
12,4257,935668,"2025-06-03 17:41:12",70,0,70,0,0,0,0,70,0,0,0.00,EuMWyAqP...,10
13,4257,935669,"2025-06-03 17:41:12",25,0,25,0,0,0,0,25,0,0,0.00,EuMWyAqP...,10
14,4257,935670,"2025-06-03 17:41:12",36,0,36,0,0,0,0,36,0,0,0.00,EuMWyAqP...,10
15,4407,999495,"2025-06-03 17:41:12",0,0,0,0,0,0,0,0,0,0,0.00,e1lSV9eY...,4
16,4407,999496,"2025-06-03 17:41:12",0,0,0,0,0,0,0,0,0,0,0.00,e1lSV9eY...,4
17,5196,971179,"2025-06-03 17:41:12",7,0,7,0,0,0,0,7,0,0,0.00,e1lSV9eY...,4
18,5265,996546,"2025-06-03 17:41:12",0,0,0,0,0,0,0,0,0,0,0.00,e1lSV9eY...,4
19,5265,996547,"2025-06-03 17:41:12",0,0,0,0,0,0,0,0,0,0,0.00,e1lSV9eY...,4
20,5968,1002675,"2025-06-03 17:41:12",0,0,0,0,0,0,0,0,0,0,0.00,EuMWyAqP...,10
21,6020,951612,"2025-06-03 17:41:12",184,0,184,0,0,0,0,184,0,0,0.00,8Rs1dOb7...,7
22,6020,951613,"2025-06-03 17:41:12",39,0,39,0,0,0,0,39,0,0,0.00,8Rs1dOb7...,7
23,6020,951614,"2025-06-03 17:41:12",27,0,27,0,0,0,0,27,0,0,0.00,8Rs1dOb7...,7
24,6020,951615,"2025-06-03 17:41:12",17,0,17,0,0,0,0,17,0,0,0.00,8Rs1dOb7...,7
25,8417,959642,"2025-06-03 17:41:12",138,0,138,0,0,0,0,138,0,0,0.00,8Rs1dOb7...,7
26,8417,959643,"2025-06-03 17:41:12",11,0,11,0,0,0,0,11,0,0,0.00,8Rs1dOb7...,7
27,9674,947586,"2025-06-03 17:41:12",462,0,462,0,0,0,0,462,0,0,0.00,8Rs1dOb7...,7
28,9674,947587,"2025-06-03 17:41:12",163,0,163,0,0,0,0,163,0,0,0.00,8Rs1dOb7...,7
29,9674,947588,"2025-06-03 17:41:12",12,0,12,0,0,0,0,12,0,0,0.00,8Rs1dOb7...,7
30,10191,984764,"2025-06-03 17:41:12",24,0,24,0,0,0,0,24,0,0,0.00,yHvMFx1y...,6
31,10191,984765,"2025-06-03 17:41:12",26,0,26,0,0,0,0,26,0,0,0.00,yHvMFx1y...,6
32,10191,984766,"2025-06-03 17:41:12",0,0,0,0,0,0,0,0,0,0,0.00,yHvMFx1y...,6
33,11018,993993,"2025-06-03 17:41:12",15,0,15,0,0,0,0,15,0,0,0.00,8Rs1dOb7...,7
34,11018,993994,"2025-06-03 17:41:12",1,0,1,0,0,0,0,1,0,0,0.00,8Rs1dOb7...,7
35,11018,993995,"2025-06-03 17:41:12",0,0,0,0,0,0,0,0,0,0,0.00,8Rs1dOb7...,7
36,11610,947625,"2025-06-03 17:41:12",11,0,11,0,0,0,0,11,0,0,0.00,EuMWyAqP...,10
37,11610,947626,"2025-06-03 17:41:12",0,0,0,0,0,0,0,0,0,0,0.00,EuMWyAqP...,10
38,12939,956714,"2025-06-03 17:41:12",35,0,35,0,0,0,0,35,0,0,0.00,e1lSV9eY...,4
39,12939,956715,"2025-06-03 17:41:12",0,0,0,0,0,0,0,0,0,0,0.00,e1lSV9eY...,4
40,12939,956716,"2025-06-03 17:41:12",0,0,0,0,0,0,0,0,0,0,0.00,e1lSV9eY...,4
41,12939,956717,"2025-06-03 17:41:12",0,0,0,0,0,0,0,0,0,0,0.00,e1lSV9eY...,4
42,13509,943882,"2025-06-03 17:41:12",0,0,0,0,0,0,0,0,0,0,0.00,e1lSV9eY...,4
43,14928,901357,"2025-06-03 17:41:12",185,0,185,0,0,0,0,185,0,0,0.00,OiX84NDS...,12
44,14928,901358,"2025-06-03 17:41:12",103,0,103,0,0,0,0,103,0,0,0.00,OiX84NDS...,12
45,14928,901359,"2025-06-03 17:41:12",139,0,139,0,0,0,0,139,0,0,0.00,OiX84NDS...,12
46,14928,901360,"2025-06-03 17:41:12",138,0,138,0,0,0,0,138,0,0,0.00,OiX84NDS...,12
47,14928,901361,"2025-06-03 17:41:12",72,0,72,0,0,0,0,72,0,0,0.00,OiX84NDS...,12
48,14928,916016,"2025-06-03 17:41:12",20,0,20,0,0,0,0,20,0,0,0.00,OiX84NDS...,12
49,14928,916017,"2025-06-03 17:41:12",12,0,12,0,0,0,0,12,0,0,0.00,OiX84NDS...,12
50,14928,916018,"2025-06-03 17:41:12",21,0,21,0,0,0,0,21,0,0,0.00,OiX84NDS...,12
51,14928,916019,"2025-06-03 17:41:12",22,0,22,0,0,0,0,22,0,0,0.00,OiX84NDS...,12
52,14928,916020,"2025-06-03 17:41:12",1,0,1,0,0,0,0,1,0,0,0.00,OiX84NDS...,12
53,14928,916021,"2025-06-03 17:41:12",15,0,15,0,0,0,0,15,0,0,0.00,OiX84NDS...,12
54,21040,1003296,"2025-06-03 17:41:12",17,0,17,0,0,0,0,17,0,0,0.00,EuMWyAqP...,10
55,21040,1003297,"2025-06-03 17:41:12",28,0,28,0,0,0,0,28,0,0,0.00,EuMWyAqP...,10
56,23950,963949,"2025-06-03 17:41:12",1,0,1,0,0,0,0,1,0,0,0.00,e1lSV9eY...,4
57,23950,963950,"2025-06-03 17:41:12",3,0,3,0,0,0,0,3,0,0,0.00,e1lSV9eY...,4
58,25402,939561,"2025-06-03 17:41:12",66,0,66,0,0,0,0,66,0,0,0.00,EuMWyAqP...,10
59,25402,939562,"2025-06-03 17:41:12",5,0,5,0,0,0,0,5,0,0,0.00,EuMWyAqP...,10
60,25670,971298,"2025-06-03 17:41:12",0,0,0,0,0,0,0,0,0,0,0.00,OiX84NDS...,12
61,25670,971299,"2025-06-03 17:41:12",0,0,0,0,0,0,0,0,0,0,0.00,OiX84NDS...,12
62,25670,971300,"2025-06-03 17:41:12",0,0,0,0,0,0,0,0,0,0,0.00,OiX84NDS...,12
63,25670,971301,"2025-06-03 17:41:12",0,0,0,0,0,0,0,0,0,0,0.00,OiX84NDS...,12
64,26985,962599,"2025-06-03 17:41:12",73,0,73,0,0,0,0,73,0,0,0.00,e1lSV9eY...,4
65,30996,952099,"2025-06-03 17:41:12",0,0,0,0,0,0,0,0,0,0,0.00,hNkiyApi...,9
66,33079,910214,"2025-06-03 17:41:12",61,0,61,0,0,0,0,61,0,0,0.00,hNkiyApi...,9
67,35045,1002092,"2025-06-03 17:41:12",18,0,18,0,0,0,0,18,0,0,0.00,yHvMFx1y...,6
68,35045,1002093,"2025-06-03 17:41:12",0,0,0,0,0,0,0,0,0,0,0.00,yHvMFx1y...,6
69,35045,1002094,"2025-06-03 17:41:12",0,0,0,0,0,0,0,0,0,0,0.00,yHvMFx1y...,6
70,35045,1002095,"2025-06-03 17:41:12",4,0,4,0,0,0,0,4,0,0,0.00,yHvMFx1y...,6
71,35045,1002096,"2025-06-03 17:41:12",0,0,0,0,0,0,0,0,0,0,0.00,yHvMFx1y...,6
72,36492,930705,"2025-06-03 17:41:12",37,0,37,0,0,0,0,37,0,0,0.00,hNkiyApi...,9
73,37704,977205,"2025-06-03 17:41:12",10,0,10,0,0,0,0,10,0,0,0.00,OiX84NDS...,12
74,37704,977206,"2025-06-03 17:41:12",2,0,2,0,0,0,0,2,0,0,0.00,OiX84NDS...,12
75,37704,977207,"2025-06-03 17:41:12",8,0,8,0,0,0,0,8,0,0,0.00,OiX84NDS...,12
76,38121,984947,"2025-06-03 17:41:12",11,0,11,0,0,0,0,11,0,0,0.00,8Rs1dOb7...,7
77,38121,984948,"2025-06-03 17:41:12",0,0,0,0,0,0,0,0,0,0,0.00,8Rs1dOb7...,7
78,38121,984949,"2025-06-03 17:41:12",0,0,0,0,0,0,0,0,0,0,0.00,8Rs1dOb7...,7
79,40357,947784,"2025-06-03 17:41:12",0,0,0,0,0,0,0,0,0,0,0.00,hNkiyApi...,9
80,40382,994665,"2025-06-03 17:41:12",0,0,0,0,0,0,0,0,0,0,0.00,hNkiyApi...,9
81,40382,994666,"2025-06-03 17:41:12",0,0,0,0,0,0,0,0,0,0,0.00,hNkiyApi...,9
82,41554,935589,"2025-06-03 17:41:12",175,0,175,0,0,0,0,175,0,0,0.00,hNkiyApi...,9
83,41554,935590,"2025-06-03 17:41:12",4,0,4,0,0,0,0,4,0,0,0.00,hNkiyApi...,9
84,42339,907453,"2025-06-03 17:41:12",262,0,262,0,0,0,0,262,0,0,0.00,hNkiyApi...,9
85,43236,910069,"2025-06-03 17:41:12",36,0,36,0,0,0,0,36,0,0,0.00,hNkiyApi...,9
86,43319,1008516,"2025-06-03 17:41:12",0,0,0,0,0,0,0,0,0,0,0.00,e1lSV9eY...,4
87,43319,1008517,"2025-06-03 17:41:12",0,0,0,0,0,0,0,0,0,0,0.00,e1lSV9eY...,4
88,43319,1008518,"2025-06-03 17:41:12",0,0,0,0,0,0,0,0,0,0,0.00,e1lSV9eY...,4
89,43319,1008519,"2025-06-03 17:41:12",0,0,0,0,0,0,0,0,0,0,0.00,e1lSV9eY...,4
90,43319,1008520,"2025-06-03 17:41:12",0,0,0,0,0,0,0,0,0,0,0.00,e1lSV9eY...,4
91,43319,1008521,"2025-06-03 17:41:12",0,0,0,0,0,0,0,0,0,0,0.00,e1lSV9eY...,4
92,43319,1008522,"2025-06-03 17:41:12",0,0,0,0,0,0,0,0,0,0,0.00,e1lSV9eY...,4
93,43619,981157,"2025-06-03 17:41:12",0,0,0,0,0,0,0,0,0,0,0.00,e1lSV9eY...,4
94,43619,981158,"2025-06-03 17:41:12",253,0,253,0,0,0,0,253,0,0,0.00,e1lSV9eY...,4
95,43619,981159,"2025-06-03 17:41:12",2,0,2,0,0,0,0,2,0,0,0.00,e1lSV9eY...,4
96,43619,981160,"2025-06-03 17:41:12",36,0,36,0,0,0,0,36,0,0,0.00,e1lSV9eY...,4
97,44272,951867,"2025-06-03 17:41:12",290,0,290,0,0,0,0,290,0,0,0.00,e1lSV9eY...,4
98,44272,951868,"2025-06-03 17:41:12",40,0,40,0,0,0,0,40,0,0,0.00,e1lSV9eY...,4
99,44272,951869,"2025-06-03 17:41:12",43,0,43,0,0,0,0,43,0,0,0.00,e1lSV9eY...,4
100,44272,951870,"2025-06-03 17:41:12",3,0,3,0,0,0,0,3,0,0,0.00,e1lSV9eY...,4
101,46698,936444,"2025-06-03 17:41:12",65,0,65,0,0,0,0,65,0,0,0.00,e1lSV9eY...,4
102,46698,936445,"2025-06-03 17:41:12",4,0,4,0,0,0,0,4,0,0,0.00,e1lSV9eY...,4
103,47539,1003937,"2025-06-03 17:41:12",0,0,0,0,0,0,0,0,0,0,0.00,e1lSV9eY...,4
104,47539,1003938,"2025-06-03 17:41:12",0,0,0,0,0,0,0,0,0,0,0.00,e1lSV9eY...,4
105,47539,1003939,"2025-06-03 17:41:12",0,0,0,0,0,0,0,0,0,0,0.00,e1lSV9eY...,4
106,47539,1003940,"2025-06-03 17:41:12",0,0,0,0,0,0,0,0,0,0,0.00,e1lSV9eY...,4
107,47539,1003941,"2025-06-03 17:41:12",0,0,0,0,0,0,0,0,0,0,0.00,e1lSV9eY...,4
108,47539,1003942,"2025-06-03 17:41:12",0,0,0,0,0,0,0,0,0,0,0.00,e1lSV9eY...,4
109,47539,1003943,"2025-06-03 17:41:12",0,0,0,0,0,0,0,0,0,0,0.00,e1lSV9eY...,4
110,47539,1003944,"2025-06-03 17:41:12",0,0,0,0,0,0,0,0,0,0,0.00,e1lSV9eY...,4
111,47539,1003945,"2025-06-03 17:41:12",0,0,0,0,0,0,0,0,0,0,0.00,e1lSV9eY...,4
112,48055,935081,"2025-06-03 17:41:12",99,0,99,0,0,0,0,99,0,0,0.00,e1lSV9eY...,4
113,48055,935082,"2025-06-03 17:41:12",158,0,158,0,0,0,0,158,0,0,0.00,e1lSV9eY...,4
114,48055,935083,"2025-06-03 17:41:12",30,0,30,0,0,0,0,30,0,0,0.00,e1lSV9eY...,4
115,48055,935084,"2025-06-03 17:41:12",19,0,19,0,0,0,0,19,0,0,0.00,e1lSV9eY...,4
116,48055,935085,"2025-06-03 17:41:12",0,0,0,0,0,0,0,0,0,0,0.00,e1lSV9eY...,4
117,48055,942377,"2025-06-03 17:41:12",31,0,31,0,0,0,0,31,0,0,0.00,e1lSV9eY...,4
118,50934,935597,"2025-06-03 17:41:12",2,0,2,0,0,0,0,2,0,0,0.00,yHvMFx1y...,6
119,50934,935598,"2025-06-03 17:41:12",0,0,0,0,0,0,0,0,0,0,0.00,yHvMFx1y...,6
120,50934,935599,"2025-06-03 17:41:12",0,0,0,0,0,0,0,0,0,0,0.00,yHvMFx1y...,6
121,51062,955524,"2025-06-03 17:41:12",0,0,0,0,0,0,0,0,0,0,0.00,e1lSV9eY...,4
122,51062,955525,"2025-06-03 17:41:12",2,0,2,0,0,0,0,2,0,0,0.00,e1lSV9eY...,4
123,51062,955526,"2025-06-03 17:41:12",2,0,2,0,0,0,0,2,0,0,0.00,e1lSV9eY...,4
124,51062,955527,"2025-06-03 17:41:12",0,0,0,0,0,0,0,0,0,0,0.00,e1lSV9eY...,4
125,51062,955528,"2025-06-03 17:41:12",2,0,2,0,0,0,0,2,0,0,0.00,e1lSV9eY...,4
126,51062,955529,"2025-06-03 17:41:12",1,0,1,0,0,0,0,1,0,0,0.00,e1lSV9eY...,4
127,51062,955530,"2025-06-03 17:41:12",1,0,1,0,0,0,0,1,0,0,0.00,e1lSV9eY...,4
128,51062,955531,"2025-06-03 17:41:12",0,0,0,0,0,0,0,0,0,0,0.00,e1lSV9eY...,4
129,57181,911117,"2025-06-03 17:41:12",37,0,37,0,0,0,0,37,0,0,0.00,hNkiyApi...,9
130,57702,996512,"2025-06-03 17:41:12",9,0,9,0,0,0,0,9,0,0,0.00,EuMWyAqP...,10
131,57702,996513,"2025-06-03 17:41:12",6,0,6,0,0,0,0,6,0,0,0.00,EuMWyAqP...,10
132,57702,996514,"2025-06-03 17:41:12",11,0,11,0,0,0,0,11,0,0,0.00,EuMWyAqP...,10
133,57702,996515,"2025-06-03 17:41:12",2,0,2,0,0,0,0,2,0,0,0.00,EuMWyAqP...,10
134,57702,996516,"2025-06-03 17:41:12",0,0,0,0,0,0,0,0,0,0,0.00,EuMWyAqP...,10
135,57702,996517,"2025-06-03 17:41:12",4,0,4,0,0,0,0,4,0,0,0.00,EuMWyAqP...,10
136,57702,996518,"2025-06-03 17:41:12",0,0,0,0,0,0,0,0,0,0,0.00,EuMWyAqP...,10
137,57702,996519,"2025-06-03 17:41:12",1,0,1,0,0,0,0,1,0,0,0.00,EuMWyAqP...,10
138,58423,1002263,"2025-06-03 17:41:12",0,0,0,0,0,0,0,0,0,0,0.00,yHvMFx1y...,6
139,58423,1002264,"2025-06-03 17:41:12",0,0,0,0,0,0,0,0,0,0,0.00,yHvMFx1y...,6
140,58423,1002265,"2025-06-03 17:41:12",0,0,0,0,0,0,0,0,0,0,0.00,yHvMFx1y...,6
141,59059,1008361,"2025-06-03 17:41:12",0,0,0,0,0,0,0,0,0,0,0.00,vP2zSKDo...,5
142,59059,1008362,"2025-06-03 17:41:12",0,0,0,0,0,0,0,0,0,0,0.00,vP2zSKDo...,5
143,59059,1008363,"2025-06-03 17:41:12",0,0,0,0,0,0,0,0,0,0,0.00,vP2zSKDo...,5
144,59958,967160,"2025-06-03 17:41:12",0,0,0,0,0,0,0,0,0,0,0.00,hNkiyApi...,9
145,60888,960686,"2025-06-03 17:41:12",496,0,496,0,0,0,0,496,0,0,0.00,EuMWyAqP...,10
146,60888,960687,"2025-06-03 17:41:12",56,0,56,0,0,0,0,56,0,0,0.00,EuMWyAqP...,10
147,60888,960688,"2025-06-03 17:41:12",38,0,38,0,0,0,0,38,0,0,0.00,EuMWyAqP...,10
148,62835,907463,"2025-06-03 17:41:12",4,0,4,0,0,0,0,4,0,0,0.00,hNkiyApi...,9
149,68035,1006964,"2025-06-03 17:41:12",0,0,0,0,0,0,0,0,0,0,0.00,e1lSV9eY...,4
150,68035,1006965,"2025-06-03 17:41:12",0,0,0,0,0,0,0,0,0,0,0.00,e1lSV9eY...,4
151,69165,916548,"2025-06-03 17:41:12",297,0,297,0,0,0,0,297,0,0,0.00,8Rs1dOb7...,7
152,69165,916549,"2025-06-03 17:41:12",15,0,15,0,0,0,0,15,0,0,0.00,8Rs1dOb7...,7
153,69165,916550,"2025-06-03 17:41:12",88,0,88,0,0,0,0,88,0,0,0.00,8Rs1dOb7...,7
154,69165,916551,"2025-06-03 17:41:12",121,0,121,0,0,0,0,121,0,0,0.00,8Rs1dOb7...,7
155,69165,916552,"2025-06-03 17:41:12",23,0,23,0,0,0,0,23,0,0,0.00,8Rs1dOb7...,7
156,69165,916553,"2025-06-03 17:41:12",2,0,2,0,0,0,0,2,0,0,0.00,8Rs1dOb7...,7
157,69165,916554,"2025-06-03 17:41:12",0,0,0,0,0,0,0,0,0,0,0.00,8Rs1dOb7...,7
158,69168,900630,"2025-06-03 17:41:12",820,0,820,0,0,0,0,820,0,0,0.00,8Rs1dOb7...,7
159,69168,900631,"2025-06-03 17:41:12",105,0,105,0,0,0,0,105,0,0,0.00,8Rs1dOb7...,7
160,69168,900632,"2025-06-03 17:41:12",128,0,128,0,0,0,0,128,0,0,0.00,8Rs1dOb7...,7
161,70138,977230,"2025-06-03 17:41:12",10,0,10,0,0,0,0,10,0,0,0.00,8Rs1dOb7...,7
162,70138,977231,"2025-06-03 17:41:12",0,0,0,0,0,0,0,0,0,0,0.00,8Rs1dOb7...,7
163,71059,927311,"2025-06-03 17:41:12",168,0,168,0,0,0,0,168,0,0,0.00,hNkiyApi...,9
164,71059,927312,"2025-06-03 17:41:12",74,0,74,0,0,0,0,74,0,0,0.00,hNkiyApi...,9
165,71540,910096,"2025-06-03 17:41:12",35,0,35,0,0,0,0,35,0,0,0.00,hNkiyApi...,9
166,71835,954306,"2025-06-03 17:41:12",34,0,34,0,0,0,0,34,0,0,0.00,vP2zSKDo...,5
167,71835,954307,"2025-06-03 17:41:12",7,0,7,0,0,0,0,7,0,0,0.00,vP2zSKDo...,5
168,72086,964813,"2025-06-03 17:41:12",253,0,253,0,0,0,0,253,0,0,0.00,8Rs1dOb7...,7
169,72597,1009297,"2025-06-03 17:41:12",0,0,0,0,0,0,0,0,0,0,0.00,KMVON3kq...,1
170,72597,1009298,"2025-06-03 17:41:12",0,0,0,0,0,0,0,0,0,0,0.00,KMVON3kq...,1
171,72597,1009299,"2025-06-03 17:41:12",0,0,0,0,0,0,0,0,0,0,0.00,KMVON3kq...,1
172,72597,1009300,"2025-06-03 17:41:12",0,0,0,0,0,0,0,0,0,0,0.00,KMVON3kq...,1
173,73555,947971,"2025-06-03 17:41:12",115,0,115,0,0,0,0,115,0,0,0.00,KMVON3kq...,1
174,73555,947972,"2025-06-03 17:41:12",593,0,593,0,0,0,0,593,0,0,0.00,KMVON3kq...,1
175,73555,947973,"2025-06-03 17:41:12",67,0,67,0,0,0,0,67,0,0,0.00,KMVON3kq...,1
176,73555,947974,"2025-06-03 17:41:12",34,0,34,0,0,0,0,34,0,0,0.00,KMVON3kq...,1
177,73555,983841,"2025-06-03 17:41:12",820,0,820,0,0,0,0,820,0,0,0.00,KMVON3kq...,1
178,75225,951488,"2025-06-03 17:41:12",382,0,382,0,0,0,0,382,0,0,0.00,hNkiyApi...,9
179,76836,923455,"2025-06-03 17:41:12",3,0,3,0,0,0,0,3,0,0,0.00,e1lSV9eY...,4
180,76836,923456,"2025-06-03 17:41:12",11,0,11,0,0,0,0,11,0,0,0.00,e1lSV9eY...,4
181,76836,923457,"2025-06-03 17:41:12",1,0,1,0,0,0,0,1,0,0,0.00,e1lSV9eY...,4
182,76876,918150,"2025-06-03 17:41:12",18,0,18,0,0,0,0,18,0,0,0.00,hNkiyApi...,9
183,77017,968959,"2025-06-03 17:41:12",18,0,18,0,0,0,0,18,0,0,0.00,hNkiyApi...,9
184,79347,1002630,"2025-06-03 17:41:12",24,0,24,0,0,0,0,24,0,0,0.00,0NffC99H...,8
185,79347,1002631,"2025-06-03 17:41:12",4,0,4,0,0,0,0,4,0,0,0.00,0NffC99H...,8
186,79347,1002632,"2025-06-03 17:41:12",1,0,1,0,0,0,0,1,0,0,0.00,0NffC99H...,8
187,81710,975447,"2025-06-03 17:41:12",8,0,8,0,0,0,0,8,0,0,0.00,8Rs1dOb7...,7
188,81710,975448,"2025-06-03 17:41:12",1,0,1,0,0,0,0,1,0,0,0.00,8Rs1dOb7...,7
189,81710,975449,"2025-06-03 17:41:12",1,0,1,0,0,0,0,1,0,0,0.00,8Rs1dOb7...,7
190,81794,996017,"2025-06-03 17:41:12",34,0,34,0,0,0,0,34,0,0,0.00,KMVON3kq...,1
191,81794,996018,"2025-06-03 17:41:12",53,0,53,0,0,0,0,53,0,0,0.00,KMVON3kq...,1
192,81794,996019,"2025-06-03 17:41:12",12,0,12,0,0,0,0,12,0,0,0.00,KMVON3kq...,1
193,81794,996020,"2025-06-03 17:41:12",2,0,2,0,0,0,0,2,0,0,0.00,KMVON3kq...,1
194,81794,996021,"2025-06-03 17:41:12",0,0,0,0,0,0,0,0,0,0,0.00,KMVON3kq...,1
195,81794,996022,"2025-06-03 17:41:12",0,0,0,0,0,0,0,0,0,0,0.00,KMVON3kq...,1
196,81794,996023,"2025-06-03 17:41:12",0,0,0,0,0,0,0,0,0,0,0.00,KMVON3kq...,1
197,81794,996024,"2025-06-03 17:41:12",0,0,0,0,0,0,0,0,0,0,0.00,KMVON3kq...,1
198,81794,996025,"2025-06-03 17:41:12",0,0,0,0,0,0,0,0,0,0,0.00,KMVON3kq...,1
199,83867,953878,"2025-06-03 17:41:12",373,0,373,0,0,0,0,373,0,0,0.00,KMVON3kq...,1
200,83867,953879,"2025-06-03 17:41:12",1222,0,1222,0,0,0,0,1222,0,0,0.00,KMVON3kq...,1
201,83867,953880,"2025-06-03 17:41:12",401,0,401,0,0,0,0,401,0,0,0.00,KMVON3kq...,1
202,83867,953881,"2025-06-03 17:41:12",404,0,404,0,0,0,0,404,0,0,0.00,KMVON3kq...,1
203,83867,953882,"2025-06-03 17:41:12",2,0,2,0,0,0,0,2,0,0,0.00,KMVON3kq...,1
204,83867,953883,"2025-06-03 17:41:12",9,0,9,0,0,0,0,9,0,0,0.00,KMVON3kq...,1
205,83867,953884,"2025-06-03 17:41:12",6,0,6,0,0,0,0,6,0,0,0.00,KMVON3kq...,1
206,83867,953885,"2025-06-03 17:41:12",4,0,4,0,0,0,0,4,0,0,0.00,KMVON3kq...,1
207,83952,944524,"2025-06-03 17:41:12",60,0,60,0,0,0,0,60,0,0,0.00,KMVON3kq...,1
208,83952,944525,"2025-06-03 17:41:12",30,0,30,0,0,0,0,30,0,0,0.00,KMVON3kq...,1
209,83952,944526,"2025-06-03 17:41:12",9,0,9,0,0,0,0,9,0,0,0.00,KMVON3kq...,1
210,83952,944527,"2025-06-03 17:41:12",0,0,0,0,0,0,0,0,0,0,0.00,KMVON3kq...,1
211,83952,944528,"2025-06-03 17:41:12",16,0,16,0,0,0,0,16,0,0,0.00,KMVON3kq...,1
212,84700,956023,"2025-06-03 17:41:12",641,0,641,0,0,0,0,641,0,0,0.00,KMVON3kq...,1
213,84700,956024,"2025-06-03 17:41:12",35,0,35,0,0,0,0,35,0,0,0.00,KMVON3kq...,1
214,84837,985339,"2025-06-03 17:41:12",149,0,149,0,0,0,0,149,0,0,0.00,e1lSV9eY...,4
215,84837,985340,"2025-06-03 17:41:12",16,0,16,0,0,0,0,16,0,0,0.00,e1lSV9eY...,4
216,84837,985341,"2025-06-03 17:41:12",14,0,14,0,0,0,0,14,0,0,0.00,e1lSV9eY...,4
217,84837,985342,"2025-06-03 17:41:12",9,0,9,0,0,0,0,9,0,0,0.00,e1lSV9eY...,4
218,85639,922926,"2025-06-03 17:41:12",334,0,334,0,0,0,0,334,0,0,0.00,KMVON3kq...,1
219,85639,922927,"2025-06-03 17:41:12",124,0,124,0,0,0,0,124,0,0,0.00,KMVON3kq...,1
220,85945,950700,"2025-06-03 17:41:12",3,0,3,0,0,0,0,3,0,0,0.00,8Rs1dOb7...,7
221,85945,950701,"2025-06-03 17:41:12",0,0,0,0,0,0,0,0,0,0,0.00,8Rs1dOb7...,7
222,85972,922328,"2025-06-03 17:41:12",439,0,439,0,0,0,0,439,0,0,0.00,KMVON3kq...,1
223,85972,922329,"2025-06-03 17:41:12",16,0,16,0,0,0,0,16,0,0,0.00,KMVON3kq...,1
224,85972,922330,"2025-06-03 17:41:12",5,0,5,0,0,0,0,5,0,0,0.00,KMVON3kq...,1
225,86129,922363,"2025-06-03 17:41:12",0,0,0,0,0,0,0,0,0,0,0.00,hNkiyApi...,9
226,86294,945653,"2025-06-03 17:41:12",14,0,14,0,0,0,0,14,0,0,0.00,KMVON3kq...,1
227,86294,945654,"2025-06-03 17:41:12",1,0,1,0,0,0,0,1,0,0,0.00,KMVON3kq...,1
228,86294,945655,"2025-06-03 17:41:12",0,0,0,0,0,0,0,0,0,0,0.00,KMVON3kq...,1
229,86294,945656,"2025-06-03 17:41:12",0,0,0,0,0,0,0,0,0,0,0.00,KMVON3kq...,1
230,86373,987522,"2025-06-03 17:41:12",76,0,76,0,0,0,0,76,0,0,0.00,KMVON3kq...,1
231,86373,987523,"2025-06-03 17:41:12",2,0,2,0,0,0,0,2,0,0,0.00,KMVON3kq...,1
232,86373,987524,"2025-06-03 17:41:12",0,0,0,0,0,0,0,0,0,0,0.00,KMVON3kq...,1
233,86746,974559,"2025-06-03 17:41:12",0,0,0,0,0,0,0,0,0,0,0.00,KMVON3kq...,1
234,86751,1003385,"2025-06-03 17:41:12",12,0,12,0,0,0,0,12,0,0,0.00,EuMWyAqP...,10
235,86845,1005149,"2025-06-03 17:41:12",2,0,2,0,0,0,0,2,0,0,0.00,0NffC99H...,8
236,86845,1005150,"2025-06-03 17:41:12",1,0,1,0,0,0,0,1,0,0,0.00,0NffC99H...,8
237,86845,1005151,"2025-06-03 17:41:12",0,0,0,0,0,0,0,0,0,0,0.00,0NffC99H...,8
238,87433,965582,"2025-06-03 17:41:12",3,0,3,0,0,0,0,3,0,0,0.00,KMVON3kq...,1
239,87433,965583,"2025-06-03 17:41:12",0,0,0,0,0,0,0,0,0,0,0.00,KMVON3kq...,1
240,87433,965584,"2025-06-03 17:41:12",0,0,0,0,0,0,0,0,0,0,0.00,KMVON3kq...,1
241,87538,966119,"2025-06-03 17:41:12",36,0,36,0,0,0,0,36,0,0,0.00,0NffC99H...,8
242,87538,966120,"2025-06-03 17:41:12",252,0,252,0,0,0,0,252,0,0,0.00,0NffC99H...,8
243,87538,966121,"2025-06-03 17:41:12",8,0,8,0,0,0,0,8,0,0,0.00,0NffC99H...,8
244,87538,966122,"2025-06-03 17:41:12",12,0,12,0,0,0,0,12,0,0,0.00,0NffC99H...,8
245,87538,966123,"2025-06-03 17:41:12",29,0,29,0,0,0,0,29,0,0,0.00,0NffC99H...,8
246,88735,923371,"2025-06-03 17:41:12",24,0,24,0,0,0,0,24,0,0,0.00,KMVON3kq...,1
247,88735,923372,"2025-06-03 17:41:12",30,0,30,0,0,0,0,30,0,0,0.00,KMVON3kq...,1
248,88735,923373,"2025-06-03 17:41:12",4,0,4,0,0,0,0,4,0,0,0.00,KMVON3kq...,1
249,88735,923374,"2025-06-03 17:41:12",5,0,5,0,0,0,0,5,0,0,0.00,KMVON3kq...,1
250,88735,923375,"2025-06-03 17:41:12",13,0,13,0,0,0,0,13,0,0,0.00,KMVON3kq...,1
251,88735,923376,"2025-06-03 17:41:12",0,0,0,0,0,0,0,0,0,0,0.00,KMVON3kq...,1
252,88735,923377,"2025-06-03 17:41:12",0,0,0,0,0,0,0,0,0,0,0.00,KMVON3kq...,1
253,88735,923378,"2025-06-03 17:41:12",2,0,2,0,0,0,0,2,0,0,0.00,KMVON3kq...,1
254,88735,923379,"2025-06-03 17:41:12",8,0,8,0,0,0,0,8,0,0,0.00,KMVON3kq...,1
255,88977,950704,"2025-06-03 17:41:12",5,0,5,0,0,0,0,5,0,0,0.00,8Rs1dOb7...,7
256,90713,1004916,"2025-06-03 17:41:12",0,0,0,0,0,0,0,0,0,0,0.00,8Rs1dOb7...,7
257,90873,947830,"2025-06-03 17:41:12",0,0,0,0,0,0,0,0,0,0,0.00,KMVON3kq...,1
258,90873,947831,"2025-06-03 17:41:12",0,0,0,0,0,0,0,0,0,0,0.00,KMVON3kq...,1
259,90873,947832,"2025-06-03 17:41:12",0,0,0,0,0,0,0,0,0,0,0.00,KMVON3kq...,1
260,90873,947833,"2025-06-03 17:41:12",0,0,0,0,0,0,0,0,0,0,0.00,KMVON3kq...,1
261,90873,947834,"2025-06-03 17:41:12",0,0,0,0,0,0,0,0,0,0,0.00,KMVON3kq...,1
262,90873,947835,"2025-06-03 17:41:12",0,0,0,0,0,0,0,0,0,0,0.00,KMVON3kq...,1
263,90873,947836,"2025-06-03 17:41:12",0,0,0,0,0,0,0,0,0,0,0.00,KMVON3kq...,1
264,90873,947837,"2025-06-03 17:41:12",0,0,0,0,0,0,0,0,0,0,0.00,KMVON3kq...,1
265,91193,1004766,"2025-06-03 17:41:12",0,0,0,0,0,0,0,0,0,0,0.00,0NffC99H...,8
266,91193,1004767,"2025-06-03 17:41:12",0,0,0,0,0,0,0,0,0,0,0.00,0NffC99H...,8
267,91193,1004768,"2025-06-03 17:41:12",0,0,0,0,0,0,0,0,0,0,0.00,0NffC99H...,8
268,91193,1004769,"2025-06-03 17:41:12",0,0,0,0,0,0,0,0,0,0,0.00,0NffC99H...,8
269,91193,1004770,"2025-06-03 17:41:12",0,0,0,0,0,0,0,0,0,0,0.00,0NffC99H...,8
270,91193,1004771,"2025-06-03 17:41:12",0,0,0,0,0,0,0,0,0,0,0.00,0NffC99H...,8
271,91193,1004772,"2025-06-03 17:41:12",0,0,0,0,0,0,0,0,0,0,0.00,0NffC99H...,8
272,91193,1004773,"2025-06-03 17:41:12",0,0,0,0,0,0,0,0,0,0,0.00,0NffC99H...,8
273,91193,1004774,"2025-06-03 17:41:12",0,0,0,0,0,0,0,0,0,0,0.00,0NffC99H...,8
274,91193,1004775,"2025-06-03 17:41:12",0,0,0,0,0,0,0,0,0,0,0.00,0NffC99H...,8
275,91193,1004776,"2025-06-03 17:41:12",0,0,0,0,0,0,0,0,0,0,0.00,0NffC99H...,8
276,91193,1004777,"2025-06-03 17:41:12",0,0,0,0,0,0,0,0,0,0,0.00,0NffC99H...,8
277,91193,1004778,"2025-06-03 17:41:12",0,0,0,0,0,0,0,0,0,0,0.00,0NffC99H...,8
278,91193,1004779,"2025-06-03 17:41:12",0,0,0,0,0,0,0,0,0,0,0.00,0NffC99H...,8
279,91193,1004780,"2025-06-03 17:41:12",0,0,0,0,0,0,0,0,0,0,0.00,0NffC99H...,8
280,91193,1004781,"2025-06-03 17:41:12",0,0,0,0,0,0,0,0,0,0,0.00,0NffC99H...,8
281,91193,1004782,"2025-06-03 17:41:12",0,0,0,0,0,0,0,0,0,0,0.00,0NffC99H...,8
282,91232,946040,"2025-06-03 17:41:12",120,0,120,0,0,0,0,120,0,0,0.00,EuMWyAqP...,10
283,91232,946041,"2025-06-03 17:41:12",19,0,19,0,0,0,0,19,0,0,0.00,EuMWyAqP...,10
284,91232,946043,"2025-06-03 17:41:12",17,0,17,0,0,0,0,17,0,0,0.00,EuMWyAqP...,10
285,91232,946045,"2025-06-03 17:41:12",7,0,7,0,0,0,0,7,0,0,0.00,EuMWyAqP...,10
286,91232,946047,"2025-06-03 17:41:12",10,0,10,0,0,0,0,10,0,0,0.00,EuMWyAqP...,10
287,91232,946049,"2025-06-03 17:41:12",12,0,12,0,0,0,0,12,0,0,0.00,EuMWyAqP...,10
288,91232,946051,"2025-06-03 17:41:12",1,0,1,0,0,0,0,1,0,0,0.00,EuMWyAqP...,10
289,91232,946053,"2025-06-03 17:41:12",1,0,1,0,0,0,0,1,0,0,0.00,EuMWyAqP...,10
290,91232,946055,"2025-06-03 17:41:12",1,0,1,0,0,0,0,1,0,0,0.00,EuMWyAqP...,10
291,91232,946057,"2025-06-03 17:41:12",2,0,2,0,0,0,0,2,0,0,0.00,EuMWyAqP...,10
292,91232,946059,"2025-06-03 17:41:12",3,0,3,0,0,0,0,3,0,0,0.00,EuMWyAqP...,10
293,91606,967772,"2025-06-03 17:41:12",10,0,10,0,0,0,0,10,0,0,0.00,e1lSV9eY...,4
294,91606,967773,"2025-06-03 17:41:12",0,0,0,0,0,0,0,0,0,0,0.00,e1lSV9eY...,4
295,91606,967774,"2025-06-03 17:41:12",0,0,0,0,0,0,0,0,0,0,0.00,e1lSV9eY...,4
296,91701,958221,"2025-06-03 17:41:12",18,0,18,0,0,0,0,18,0,0,0.00,KMVON3kq...,1
297,91701,958222,"2025-06-03 17:41:12",1,0,1,0,0,0,0,1,0,0,0.00,KMVON3kq...,1
298,91701,958223,"2025-06-03 17:41:12",0,0,0,0,0,0,0,0,0,0,0.00,KMVON3kq...,1
299,91971,942764,"2025-06-03 17:41:12",321,0,321,0,0,0,0,321,0,0,0.00,0NffC99H...,8
300,91971,942765,"2025-06-03 17:41:12",138,0,138,0,0,0,0,138,0,0,0.00,0NffC99H...,8
301,91971,942766,"2025-06-03 17:41:12",238,0,238,0,0,0,0,238,0,0,0.00,0NffC99H...,8
302,91971,942767,"2025-06-03 17:41:12",258,0,258,0,0,0,0,258,0,0,0.00,0NffC99H...,8
303,91971,942768,"2025-06-03 17:41:12",7,0,7,0,0,0,0,7,0,0,0.00,0NffC99H...,8
304,91971,942769,"2025-06-03 17:41:12",1,0,1,0,0,0,0,1,0,0,0.00,0NffC99H...,8
305,91971,942770,"2025-06-03 17:41:12",3,0,3,0,0,0,0,3,0,0,0.00,0NffC99H...,8
306,91971,942771,"2025-06-03 17:41:12",16,0,16,0,0,0,0,16,0,0,0.00,0NffC99H...,8
307,92141,947874,"2025-06-03 17:41:12",11,0,11,0,0,0,0,11,0,0,0.00,KMVON3kq...,1
308,92141,947875,"2025-06-03 17:41:12",2,0,2,0,0,0,0,2,0,0,0.00,KMVON3kq...,1
309,92141,947876,"2025-06-03 17:41:12",0,0,0,0,0,0,0,0,0,0,0.00,KMVON3kq...,1
310,92141,947877,"2025-06-03 17:41:12",4,0,4,0,0,0,0,4,0,0,0.00,KMVON3kq...,1
311,92466,946017,"2025-06-03 17:41:12",79,0,79,0,0,0,0,79,0,0,0.00,EuMWyAqP...,10
312,92466,946018,"2025-06-03 17:41:12",0,0,0,0,0,0,0,0,0,0,0.00,EuMWyAqP...,10
313,92466,946019,"2025-06-03 17:41:12",0,0,0,0,0,0,0,0,0,0,0.00,EuMWyAqP...,10
314,92466,946020,"2025-06-03 17:41:12",0,0,0,0,0,0,0,0,0,0,0.00,EuMWyAqP...,10
315,92466,946021,"2025-06-03 17:41:12",0,0,0,0,0,0,0,0,0,0,0.00,EuMWyAqP...,10
316,92466,946022,"2025-06-03 17:41:12",0,0,0,0,0,0,0,0,0,0,0.00,EuMWyAqP...,10
317,92466,946023,"2025-06-03 17:41:12",0,0,0,0,0,0,0,0,0,0,0.00,EuMWyAqP...,10
318,92466,946024,"2025-06-03 17:41:12",0,0,0,0,0,0,0,0,0,0,0.00,EuMWyAqP...,10
319,92466,946025,"2025-06-03 17:41:12",0,0,0,0,0,0,0,0,0,0,0.00,EuMWyAqP...,10
320,92466,946026,"2025-06-03 17:41:12",0,0,0,0,0,0,0,0,0,0,0.00,EuMWyAqP...,10
321,92466,946027,"2025-06-03 17:41:12",0,0,0,0,0,0,0,0,0,0,0.00,EuMWyAqP...,10
322,92466,946028,"2025-06-03 17:41:12",0,0,0,0,0,0,0,0,0,0,0.00,EuMWyAqP...,10
323,92466,947650,"2025-06-03 17:41:12",0,0,0,0,0,0,0,0,0,0,0.00,EuMWyAqP...,10
324,92661,1003538,"2025-06-03 17:41:12",0,0,0,0,0,0,0,0,0,0,0.00,vP2zSKDo...,5
325,92876,910094,"2025-06-03 17:41:12",29,0,29,0,0,0,0,29,0,0,0.00,hNkiyApi...,9
326,95374,988781,"2025-06-03 17:41:12",4,0,4,0,0,0,0,4,0,0,0.00,0NffC99H...,8
327,95374,988782,"2025-06-03 17:41:12",0,0,0,0,0,0,0,0,0,0,0.00,0NffC99H...,8
328,95374,988783,"2025-06-03 17:41:12",0,0,0,0,0,0,0,0,0,0,0.00,0NffC99H...,8
329,95374,988784,"2025-06-03 17:41:12",3,0,3,0,0,0,0,3,0,0,0.00,0NffC99H...,8
330,95374,988785,"2025-06-03 17:41:12",0,0,0,0,0,0,0,0,0,0,0.00,0NffC99H...,8
331,95374,988787,"2025-06-03 17:41:12",2,0,2,0,0,0,0,2,0,0,0.00,0NffC99H...,8
332,96334,959277,"2025-06-03 17:41:12",0,0,0,0,0,0,0,0,0,0,0.00,e1lSV9eY...,4
333,96334,959278,"2025-06-03 17:41:12",0,0,0,0,0,0,0,0,0,0,0.00,e1lSV9eY...,4
334,96334,959279,"2025-06-03 17:41:12",0,0,0,0,0,0,0,0,0,0,0.00,e1lSV9eY...,4
335,96334,959280,"2025-06-03 17:41:12",0,0,0,0,0,0,0,0,0,0,0.00,e1lSV9eY...,4
336,96334,959281,"2025-06-03 17:41:12",0,0,0,0,0,0,0,0,0,0,0.00,e1lSV9eY...,4
337,96334,959282,"2025-06-03 17:41:12",0,0,0,0,0,0,0,0,0,0,0.00,e1lSV9eY...,4
338,96334,959283,"2025-06-03 17:41:12",0,0,0,0,0,0,0,0,0,0,0.00,e1lSV9eY...,4
339,96334,959284,"2025-06-03 17:41:12",0,0,0,0,0,0,0,0,0,0,0.00,e1lSV9eY...,4
340,98441,1007760,"2025-06-03 17:41:12",0,0,0,0,0,0,0,0,0,0,0.00,KMVON3kq...,1
341,99845,935350,"2025-06-03 17:41:12",0,0,0,0,0,0,0,0,0,0,0.00,hNkiyApi...,9
342,99845,935351,"2025-06-03 17:41:12",0,0,0,0,0,0,0,0,0,0,0.00,hNkiyApi...,9
343,102516,999137,"2025-06-03 17:41:12",6,0,6,0,0,0,0,6,0,0,0.00,EuMWyAqP...,10
344,103234,963976,"2025-06-03 17:41:12",0,0,0,0,0,0,0,0,0,0,0.00,KMVON3kq...,1
345,105226,923512,"2025-06-03 17:41:12",187,0,187,0,0,0,0,187,0,0,0.00,KMVON3kq...,1
346,105226,923513,"2025-06-03 17:41:12",34,0,34,0,0,0,0,34,0,0,0.00,KMVON3kq...,1
347,105226,923514,"2025-06-03 17:41:12",27,0,27,0,0,0,0,27,0,0,0.00,KMVON3kq...,1
348,106886,901714,"2025-06-03 17:41:12",69,0,69,0,0,0,0,69,0,0,0.00,KMVON3kq...,1
349,106886,901715,"2025-06-03 17:41:12",2,0,2,0,0,0,0,2,0,0,0.00,KMVON3kq...,1
350,106886,901716,"2025-06-03 17:41:12",6,0,6,0,0,0,0,6,0,0,0.00,KMVON3kq...,1
351,109272,964197,"2025-06-03 17:41:12",14,0,14,0,0,0,0,14,0,0,0.00,8Rs1dOb7...,7
352,109272,964198,"2025-06-03 17:41:12",0,0,0,0,0,0,0,0,0,0,0.00,8Rs1dOb7...,7
353,109272,964199,"2025-06-03 17:41:12",0,0,0,0,0,0,0,0,0,0,0.00,8Rs1dOb7...,7
354,109351,938108,"2025-06-03 17:41:12",92,0,92,0,0,0,0,92,0,0,0.00,KMVON3kq...,1
355,109351,938110,"2025-06-03 17:41:12",2,0,2,0,0,0,0,2,0,0,0.00,KMVON3kq...,1
356,110152,954932,"2025-06-03 17:41:12",10,0,10,0,0,0,0,10,0,0,0.00,hNkiyApi...,9
357,110156,971170,"2025-06-03 17:41:12",48,0,48,0,0,0,0,48,0,0,0.00,e1lSV9eY...,4
358,110156,971171,"2025-06-03 17:41:12",1,0,1,0,0,0,0,1,0,0,0.00,e1lSV9eY...,4
359,110306,953632,"2025-06-03 17:41:12",15,0,15,0,0,0,0,15,0,0,0.00,hNkiyApi...,9
360,110306,953633,"2025-06-03 17:41:12",7,0,7,0,0,0,0,7,0,0,0.00,hNkiyApi...,9
361,110306,953634,"2025-06-03 17:41:12",2,0,2,0,0,0,0,2,0,0,0.00,hNkiyApi...,9
362,110306,953635,"2025-06-03 17:41:12",7,0,7,0,0,0,0,7,0,0,0.00,hNkiyApi...,9
363,110306,954830,"2025-06-03 17:41:12",10,0,10,0,0,0,0,10,0,0,0.00,hNkiyApi...,9
364,110937,971550,"2025-06-03 17:41:12",20,0,20,0,0,0,0,20,0,0,0.00,e1lSV9eY...,4
365,110937,971551,"2025-06-03 17:41:12",0,0,0,0,0,0,0,0,0,0,0.00,e1lSV9eY...,4
366,110937,971552,"2025-06-03 17:41:12",0,0,0,0,0,0,0,0,0,0,0.00,e1lSV9eY...,4
367,111929,988720,"2025-06-03 17:41:12",0,0,0,0,0,0,0,0,0,0,0.00,hNkiyApi...,9
368,112096,989582,"2025-06-03 17:41:12",447,0,447,0,0,0,0,447,0,0,0.00,KMVON3kq...,1
369,112587,973767,"2025-06-03 17:41:12",122,0,122,0,0,0,0,122,0,0,0.00,KMVON3kq...,1
370,112587,973768,"2025-06-03 17:41:12",108,0,108,0,0,0,0,108,0,0,0.00,KMVON3kq...,1
371,112587,973769,"2025-06-03 17:41:12",43,0,43,0,0,0,0,43,0,0,0.00,KMVON3kq...,1
372,113165,971597,"2025-06-03 17:41:12",135,0,135,0,0,0,0,135,0,0,0.00,EuMWyAqP...,10
373,113717,889646,"2025-06-03 17:41:12",2,0,2,0,0,0,0,2,0,0,0.00,yHvMFx1y...,6
374,113717,889647,"2025-06-03 17:41:12",7,0,7,0,0,0,0,7,0,0,0.00,yHvMFx1y...,6
375,113717,889648,"2025-06-03 17:41:12",3,0,3,0,0,0,0,3,0,0,0.00,yHvMFx1y...,6
376,114076,933340,"2025-06-03 17:41:12",22,0,22,0,0,0,0,22,0,0,0.00,vP2zSKDo...,5
377,114076,933341,"2025-06-03 17:41:12",22,0,22,0,0,0,0,22,0,0,0.00,vP2zSKDo...,5
378,114076,933342,"2025-06-03 17:41:12",7,0,7,0,0,0,0,7,0,0,0.00,vP2zSKDo...,5
379,114076,933343,"2025-06-03 17:41:12",0,0,0,0,0,0,0,0,0,0,0.00,vP2zSKDo...,5
380,114076,933344,"2025-06-03 17:41:12",0,0,0,0,0,0,0,0,0,0,0.00,vP2zSKDo...,5
381,114529,953707,"2025-06-03 17:41:12",9,0,9,0,0,0,0,9,0,0,0.00,hNkiyApi...,9
382,114529,953708,"2025-06-03 17:41:12",0,0,0,0,0,0,0,0,0,0,0.00,hNkiyApi...,9
383,114544,965864,"2025-06-03 17:41:12",16,0,16,0,0,0,0,16,0,0,0.00,0NffC99H...,8
384,114544,965865,"2025-06-03 17:41:12",12,0,12,0,0,0,0,12,0,0,0.00,0NffC99H...,8
385,114544,965866,"2025-06-03 17:41:12",10,0,10,0,0,0,0,10,0,0,0.00,0NffC99H...,8
386,114544,965867,"2025-06-03 17:41:12",1,0,1,0,0,0,0,1,0,0,0.00,0NffC99H...,8
387,114616,996242,"2025-06-03 17:41:12",0,0,0,0,0,0,0,0,0,0,0.00,8Rs1dOb7...,7
388,114616,996243,"2025-06-03 17:41:12",6,0,6,0,0,0,0,6,0,0,0.00,8Rs1dOb7...,7
389,114616,996244,"2025-06-03 17:41:12",1,0,1,0,0,0,0,1,0,0,0.00,8Rs1dOb7...,7
390,114725,996052,"2025-06-03 17:41:12",0,0,0,0,0,0,0,0,0,0,0.00,UbKAN4u6...,2
391,114725,996053,"2025-06-03 17:41:12",0,0,0,0,0,0,0,0,0,0,0.00,UbKAN4u6...,2
392,116427,974490,"2025-06-03 17:41:12",59,0,59,0,0,0,0,59,0,0,0.00,hNkiyApi...,9
393,116427,974491,"2025-06-03 17:41:12",12,0,12,0,0,0,0,12,0,0,0.00,hNkiyApi...,9
394,116427,974492,"2025-06-03 17:41:12",2,0,2,0,0,0,0,2,0,0,0.00,hNkiyApi...,9
395,116652,999060,"2025-06-03 17:41:12",0,0,0,0,0,0,0,0,0,0,0.00,e1lSV9eY...,4
396,116652,999061,"2025-06-03 17:41:12",0,0,0,0,0,0,0,0,0,0,0.00,e1lSV9eY...,4
397,116659,999058,"2025-06-03 17:41:12",0,0,0,0,0,0,0,0,0,0,0.00,e1lSV9eY...,4
398,116659,999059,"2025-06-03 17:41:12",0,0,0,0,0,0,0,0,0,0,0.00,e1lSV9eY...,4
399,120840,933319,"2025-06-03 17:41:12",0,0,0,0,0,0,0,0,0,0,0.00,vP2zSKDo...,5
400,123423,907041,"2025-06-03 17:41:12",265,0,265,0,0,0,0,265,0,0,0.00,8Rs1dOb7...,7
401,123423,907042,"2025-06-03 17:41:12",3,0,3,0,0,0,0,3,0,0,0.00,8Rs1dOb7...,7
402,123423,907043,"2025-06-03 17:41:12",81,0,81,0,0,0,0,81,0,0,0.00,8Rs1dOb7...,7
403,123423,907044,"2025-06-03 17:41:12",12,0,12,0,0,0,0,12,0,0,0.00,8Rs1dOb7...,7
404,123423,907045,"2025-06-03 17:41:12",10,0,10,0,0,0,0,10,0,0,0.00,8Rs1dOb7...,7
405,124118,977461,"2025-06-03 17:41:12",27,0,27,0,0,0,0,27,0,0,0.00,vP2zSKDo...,5
406,124118,977462,"2025-06-03 17:41:12",3,0,3,0,0,0,0,3,0,0,0.00,vP2zSKDo...,5
407,124118,977463,"2025-06-03 17:41:12",0,0,0,0,0,0,0,0,0,0,0.00,vP2zSKDo...,5
408,124118,977464,"2025-06-03 17:41:12",1,0,1,0,0,0,0,1,0,0,0.00,vP2zSKDo...,5
409,124610,910081,"2025-06-03 17:41:12",92,0,92,0,0,0,0,92,0,0,0.00,hNkiyApi...,9
410,128166,972455,"2025-06-03 17:41:12",165,0,165,0,0,0,0,165,0,0,0.00,EuMWyAqP...,10
411,128166,972456,"2025-06-03 17:41:12",30,0,30,0,0,0,0,30,0,0,0.00,EuMWyAqP...,10
412,128641,920724,"2025-06-03 17:41:12",100,0,100,0,0,0,0,100,0,0,0.00,KMVON3kq...,1
413,128641,920725,"2025-06-03 17:41:12",130,0,130,0,0,0,0,130,0,0,0.00,KMVON3kq...,1
414,128641,994626,"2025-06-03 17:41:12",5,0,5,0,0,0,0,5,0,0,0.00,KMVON3kq...,1
415,128971,979734,"2025-06-03 17:41:12",429,0,429,0,0,0,0,429,0,0,0.00,8Rs1dOb7...,7
416,128971,979735,"2025-06-03 17:41:12",83,0,83,0,0,0,0,83,0,0,0.00,8Rs1dOb7...,7
417,128971,979736,"2025-06-03 17:41:12",51,0,51,0,0,0,0,51,0,0,0.00,8Rs1dOb7...,7
418,128971,979737,"2025-06-03 17:41:12",40,0,40,0,0,0,0,40,0,0,0.00,8Rs1dOb7...,7
419,128971,979738,"2025-06-03 17:41:12",0,0,0,0,0,0,0,0,0,0,0.00,8Rs1dOb7...,7
420,128971,979739,"2025-06-03 17:41:12",26,0,26,0,0,0,0,26,0,0,0.00,8Rs1dOb7...,7
421,128971,979740,"2025-06-03 17:41:12",16,0,16,0,0,0,0,16,0,0,0.00,8Rs1dOb7...,7
422,129362,932259,"2025-06-03 17:41:12",59,0,59,0,0,0,0,59,0,0,0.00,vP2zSKDo...,5
423,129362,932260,"2025-06-03 17:41:12",11,0,11,0,0,0,0,11,0,0,0.00,vP2zSKDo...,5
424,129362,948898,"2025-06-03 17:41:12",9,0,9,0,0,0,0,9,0,0,0.00,vP2zSKDo...,5
425,129862,910084,"2025-06-03 17:41:12",92,0,92,0,0,0,0,92,0,0,0.00,hNkiyApi...,9
426,129992,961577,"2025-06-03 17:41:12",263,0,263,0,0,0,0,263,0,0,0.00,yHvMFx1y...,6
427,130229,977299,"2025-06-03 17:41:12",10,0,10,0,0,0,0,10,0,0,0.00,e1lSV9eY...,4
428,130229,977300,"2025-06-03 17:41:12",20,0,20,0,0,0,0,20,0,0,0.00,e1lSV9eY...,4
429,130229,977301,"2025-06-03 17:41:12",14,0,14,0,0,0,0,14,0,0,0.00,e1lSV9eY...,4
430,130229,977302,"2025-06-03 17:41:12",0,0,0,0,0,0,0,0,0,0,0.00,e1lSV9eY...,4
431,130229,977303,"2025-06-03 17:41:12",1,0,1,0,0,0,0,1,0,0,0.00,e1lSV9eY...,4
432,130229,977304,"2025-06-03 17:41:12",0,0,0,0,0,0,0,0,0,0,0.00,e1lSV9eY...,4
433,130420,1001780,"2025-06-03 17:41:12",0,0,0,0,0,0,0,0,0,0,0.00,0NffC99H...,8
434,130420,1001781,"2025-06-03 17:41:12",0,0,0,0,0,0,0,0,0,0,0.00,0NffC99H...,8
435,131087,955715,"2025-06-03 17:41:12",110,0,110,0,0,0,0,110,0,0,0.00,vP2zSKDo...,5
436,131087,955716,"2025-06-03 17:41:12",27,0,27,0,0,0,0,27,0,0,0.00,vP2zSKDo...,5
437,131295,981425,"2025-06-03 17:41:12",45,0,45,0,0,0,0,45,0,0,0.00,KMVON3kq...,1
438,131295,981426,"2025-06-03 17:41:12",11,0,11,0,0,0,0,11,0,0,0.00,KMVON3kq...,1
439,133015,950480,"2025-06-03 17:41:12",15,0,15,0,0,0,0,15,0,0,0.00,e1lSV9eY...,4
440,133015,950481,"2025-06-03 17:41:12",15,0,15,0,0,0,0,15,0,0,0.00,e1lSV9eY...,4
441,133015,950482,"2025-06-03 17:41:12",0,0,0,0,0,0,0,0,0,0,0.00,e1lSV9eY...,4
442,133058,1005190,"2025-06-03 17:41:12",78,0,78,0,0,0,0,78,0,0,0.00,alwfRlvl...,3
443,133058,1005191,"2025-06-03 17:41:12",22,0,22,0,0,0,0,22,0,0,0.00,alwfRlvl...,3
444,133058,1005192,"2025-06-03 17:41:12",1200,0,1200,0,0,0,0,1200,0,0,0.00,alwfRlvl...,3
445,133058,1005193,"2025-06-03 17:41:12",479,0,479,0,0,0,0,479,0,0,0.00,alwfRlvl...,3
446,133058,1005194,"2025-06-03 17:41:12",127,0,127,0,0,0,0,127,0,0,0.00,alwfRlvl...,3
447,133058,1005195,"2025-06-03 17:41:12",39,0,39,0,0,0,0,39,0,0,0.00,alwfRlvl...,3
448,133058,1005196,"2025-06-03 17:41:12",0,0,0,0,0,0,0,0,0,0,0.00,alwfRlvl...,3
449,133058,1005197,"2025-06-03 17:41:12",0,0,0,0,0,0,0,0,0,0,0.00,alwfRlvl...,3
450,133058,1005198,"2025-06-03 17:41:12",0,0,0,0,0,0,0,0,0,0,0.00,alwfRlvl...,3
451,133058,1005199,"2025-06-03 17:41:12",0,0,0,0,0,0,0,0,0,0,0.00,alwfRlvl...,3
452,133058,1005200,"2025-06-03 17:41:12",0,0,0,0,0,0,0,0,0,0,0.00,alwfRlvl...,3
453,133058,1005201,"2025-06-03 17:41:12",8,0,8,0,0,0,0,8,0,0,0.00,alwfRlvl...,3
454,133058,1005202,"2025-06-03 17:41:12",11,0,11,0,0,0,0,11,0,0,0.00,alwfRlvl...,3
455,133058,1005203,"2025-06-03 17:41:12",1,0,1,0,0,0,0,1,0,0,0.00,alwfRlvl...,3
456,133058,1005204,"2025-06-03 17:41:12",4,0,4,0,0,0,0,4,0,0,0.00,alwfRlvl...,3
457,133058,1005205,"2025-06-03 17:41:12",1,0,1,0,0,0,0,1,0,0,0.00,alwfRlvl...,3
458,133058,1005206,"2025-06-03 17:41:12",0,0,0,0,0,0,0,0,0,0,0.00,alwfRlvl...,3
459,133058,1005207,"2025-06-03 17:41:12",0,0,0,0,0,0,0,0,0,0,0.00,alwfRlvl...,3
460,133058,1005208,"2025-06-03 17:41:12",0,0,0,0,0,0,0,0,0,0,0.00,alwfRlvl...,3
461,133402,991645,"2025-06-03 17:41:12",4,0,4,0,0,0,0,4,0,0,0.00,8Rs1dOb7...,7
462,133402,991646,"2025-06-03 17:41:12",1,0,1,0,0,0,0,1,0,0,0.00,8Rs1dOb7...,7
463,134085,996997,"2025-06-03 17:41:12",0,0,0,0,0,0,0,0,0,0,0.00,e1lSV9eY...,4
464,135261,994039,"2025-06-03 17:41:12",0,0,0,0,0,0,0,0,0,0,0.00,e1lSV9eY...,4
465,135261,994040,"2025-06-03 17:41:12",0,0,0,0,0,0,0,0,0,0,0.00,e1lSV9eY...,4
466,135640,983821,"2025-06-03 17:41:12",236,0,236,0,0,0,0,236,0,0,0.00,KMVON3kq...,1
467,136035,969210,"2025-06-03 17:41:12",0,0,0,0,0,0,0,0,0,0,0.00,yHvMFx1y...,6
468,136035,969211,"2025-06-03 17:41:12",0,0,0,0,0,0,0,0,0,0,0.00,yHvMFx1y...,6
469,136035,969212,"2025-06-03 17:41:12",0,0,0,0,0,0,0,0,0,0,0.00,yHvMFx1y...,6
470,136117,1006641,"2025-06-03 17:41:12",0,0,0,0,0,0,0,0,0,0,0.00,hNkiyApi...,9
471,136117,1006642,"2025-06-03 17:41:12",0,0,0,0,0,0,0,0,0,0,0.00,hNkiyApi...,9
472,137328,990880,"2025-06-03 17:41:12",0,0,0,0,0,0,0,0,0,0,0.00,yHvMFx1y...,6
473,137328,990881,"2025-06-03 17:41:12",0,0,0,0,0,0,0,0,0,0,0.00,yHvMFx1y...,6
474,138666,925823,"2025-06-03 17:41:12",320,0,320,0,0,0,0,320,0,0,0.00,0NffC99H...,8
475,138666,925824,"2025-06-03 17:41:12",7,0,7,0,0,0,0,7,0,0,0.00,0NffC99H...,8
476,138666,925825,"2025-06-03 17:41:12",318,0,318,0,0,0,0,318,0,0,0.00,0NffC99H...,8
477,138666,925826,"2025-06-03 17:41:12",4,0,4,0,0,0,0,4,0,0,0.00,0NffC99H...,8
478,138666,925827,"2025-06-03 17:41:12",0,0,0,0,0,0,0,0,0,0,0.00,0NffC99H...,8
479,138666,925828,"2025-06-03 17:41:12",1,0,1,0,0,0,0,1,0,0,0.00,0NffC99H...,8
480,138666,925829,"2025-06-03 17:41:12",2,0,2,0,0,0,0,2,0,0,0.00,0NffC99H...,8
481,139345,999441,"2025-06-03 17:41:12",0,0,0,0,0,0,0,0,0,0,0.00,KMVON3kq...,1
482,139345,999442,"2025-06-03 17:41:12",0,0,0,0,0,0,0,0,0,0,0.00,KMVON3kq...,1
483,139345,999443,"2025-06-03 17:41:12",0,0,0,0,0,0,0,0,0,0,0.00,KMVON3kq...,1
484,139664,997164,"2025-06-03 17:41:12",8,0,8,0,0,0,0,8,0,0,0.00,0NffC99H...,8
485,139664,997165,"2025-06-03 17:41:12",7,0,7,0,0,0,0,7,0,0,0.00,0NffC99H...,8
486,139664,997166,"2025-06-03 17:41:12",7,0,7,0,0,0,0,7,0,0,0.00,0NffC99H...,8
487,141069,941961,"2025-06-03 17:41:12",3,0,3,0,0,0,0,3,0,0,0.00,KMVON3kq...,1
488,141069,941962,"2025-06-03 17:41:12",3,0,3,0,0,0,0,3,0,0,0.00,KMVON3kq...,1
489,141069,941963,"2025-06-03 17:41:12",5,0,5,0,0,0,0,5,0,0,0.00,KMVON3kq...,1
490,141069,941964,"2025-06-03 17:41:12",6,0,6,0,0,0,0,6,0,0,0.00,KMVON3kq...,1
491,141069,941965,"2025-06-03 17:41:12",0,0,0,0,0,0,0,0,0,0,0.00,KMVON3kq...,1
492,141180,968886,"2025-06-03 17:41:12",87,0,87,0,0,0,0,87,0,0,0.00,8Rs1dOb7...,7
493,141180,968887,"2025-06-03 17:41:12",63,0,63,0,0,0,0,63,0,0,0.00,8Rs1dOb7...,7
494,141246,935694,"2025-06-03 17:41:12",35,0,35,0,0,0,0,35,0,0,0.00,hNkiyApi...,9
495,141246,935695,"2025-06-03 17:41:12",6,0,6,0,0,0,0,6,0,0,0.00,hNkiyApi...,9
496,141369,925674,"2025-06-03 17:41:12",516,0,516,0,0,0,0,516,0,0,0.00,0NffC99H...,8
497,141369,925675,"2025-06-03 17:41:12",931,0,931,0,0,0,0,931,0,0,0.00,0NffC99H...,8
498,141369,925676,"2025-06-03 17:41:12",96,0,96,0,0,0,0,96,0,0,0.00,0NffC99H...,8
499,141369,925677,"2025-06-03 17:41:12",3,0,3,0,0,0,0,3,0,0,0.00,0NffC99H...,8
500,141369,925678,"2025-06-03 17:41:12",4,0,4,0,0,0,0,4,0,0,0.00,0NffC99H...,8
501,141369,925679,"2025-06-03 17:41:12",0,0,0,0,0,0,0,0,0,0,0.00,0NffC99H...,8
502,141369,925684,"2025-06-03 17:41:12",5,0,5,0,0,0,0,5,0,0,0.00,0NffC99H...,8
503,141696,976545,"2025-06-03 17:41:12",156,0,156,0,0,0,0,156,0,0,0.00,vP2zSKDo...,5
504,141725,935075,"2025-06-03 17:41:12",15,0,15,0,0,0,0,15,0,0,0.00,hNkiyApi...,9
505,141725,935076,"2025-06-03 17:41:12",6,0,6,0,0,0,0,6,0,0,0.00,hNkiyApi...,9
506,142537,951095,"2025-06-03 17:41:12",132,0,132,0,0,0,0,132,0,0,0.00,vP2zSKDo...,5
507,142537,951096,"2025-06-03 17:41:12",45,0,45,0,0,0,0,45,0,0,0.00,vP2zSKDo...,5
508,142729,977633,"2025-06-03 17:41:12",82,0,82,0,0,0,0,82,0,0,0.00,yHvMFx1y...,6
509,143219,968052,"2025-06-03 17:41:12",10,0,10,0,0,0,0,10,0,0,0.00,e1lSV9eY...,4
510,143219,968053,"2025-06-03 17:41:12",0,0,0,0,0,0,0,0,0,0,0.00,e1lSV9eY...,4
511,143219,968054,"2025-06-03 17:41:12",0,0,0,0,0,0,0,0,0,0,0.00,e1lSV9eY...,4
512,143803,1004126,"2025-06-03 17:41:12",0,0,0,0,0,0,0,0,0,0,0.00,KMVON3kq...,1
513,143803,1004127,"2025-06-03 17:41:12",0,0,0,0,0,0,0,0,0,0,0.00,KMVON3kq...,1
514,144160,935587,"2025-06-03 17:41:12",13,0,13,0,0,0,0,13,0,0,0.00,hNkiyApi...,9
515,144160,935588,"2025-06-03 17:41:12",5,0,5,0,0,0,0,5,0,0,0.00,hNkiyApi...,9
516,144824,946274,"2025-06-03 17:41:12",15,0,15,0,0,0,0,15,0,0,0.00,vP2zSKDo...,5
517,144824,946275,"2025-06-03 17:41:12",0,0,0,0,0,0,0,0,0,0,0.00,vP2zSKDo...,5
518,145368,999619,"2025-06-03 17:41:12",8,0,8,0,0,0,0,8,0,0,0.00,vP2zSKDo...,5
519,145368,999620,"2025-06-03 17:41:12",6,0,6,0,0,0,0,6,0,0,0.00,vP2zSKDo...,5
520,145368,999621,"2025-06-03 17:41:12",6,0,6,0,0,0,0,6,0,0,0.00,vP2zSKDo...,5
521,145368,999622,"2025-06-03 17:41:12",0,0,0,0,0,0,0,0,0,0,0.00,vP2zSKDo...,5
522,145368,999623,"2025-06-03 17:41:12",0,0,0,0,0,0,0,0,0,0,0.00,vP2zSKDo...,5
523,145368,999624,"2025-06-03 17:41:12",4,0,4,0,0,0,0,4,0,0,0.00,vP2zSKDo...,5
524,145382,959176,"2025-06-03 17:41:12",57,0,57,0,0,0,0,57,0,0,0.00,vP2zSKDo...,5
525,145382,959177,"2025-06-03 17:41:12",71,0,71,0,0,0,0,71,0,0,0.00,vP2zSKDo...,5
526,145382,959178,"2025-06-03 17:41:12",31,0,31,0,0,0,0,31,0,0,0.00,vP2zSKDo...,5
527,145382,959179,"2025-06-03 17:41:12",10,0,10,0,0,0,0,10,0,0,0.00,vP2zSKDo...,5
528,146043,1000041,"2025-06-03 17:41:12",728,0,728,0,0,0,0,728,0,0,0.00,0NffC99H...,8
529,146043,1001098,"2025-06-03 17:41:12",132,0,132,0,0,0,0,132,0,0,0.00,0NffC99H...,8
530,146043,1001099,"2025-06-03 17:41:12",7,0,7,0,0,0,0,7,0,0,0.00,0NffC99H...,8
531,146043,1001100,"2025-06-03 17:41:12",1,0,1,0,0,0,0,1,0,0,0.00,0NffC99H...,8
532,146406,881135,"2025-06-03 17:41:12",14,0,14,0,0,0,0,14,0,0,0.00,e1lSV9eY...,4
533,146856,918665,"2025-06-03 17:41:12",0,0,0,0,0,0,0,0,0,0,0.00,8Rs1dOb7...,7
534,146856,918666,"2025-06-03 17:41:12",0,0,0,0,0,0,0,0,0,0,0.00,8Rs1dOb7...,7
535,146856,918667,"2025-06-03 17:41:12",0,0,0,0,0,0,0,0,0,0,0.00,8Rs1dOb7...,7
536,146856,918668,"2025-06-03 17:41:12",0,0,0,0,0,0,0,0,0,0,0.00,8Rs1dOb7...,7
537,146894,996266,"2025-06-03 17:41:12",32,0,32,0,0,0,0,32,0,0,0.00,e1lSV9eY...,4
538,146894,996267,"2025-06-03 17:41:12",24,0,24,0,0,0,0,24,0,0,0.00,e1lSV9eY...,4
539,146894,996268,"2025-06-03 17:41:12",8,0,8,0,0,0,0,8,0,0,0.00,e1lSV9eY...,4
540,146894,996269,"2025-06-03 17:41:12",0,0,0,0,0,0,0,0,0,0,0.00,e1lSV9eY...,4
541,147971,950111,"2025-06-03 17:41:12",42,0,42,0,0,0,0,42,0,0,0.00,KMVON3kq...,1
542,147971,950112,"2025-06-03 17:41:12",11,0,11,0,0,0,0,11,0,0,0.00,KMVON3kq...,1
543,147971,950113,"2025-06-03 17:41:12",37,0,37,0,0,0,0,37,0,0,0.00,KMVON3kq...,1
544,147971,950114,"2025-06-03 17:41:12",0,0,0,0,0,0,0,0,0,0,0.00,KMVON3kq...,1
545,147971,950115,"2025-06-03 17:41:12",0,0,0,0,0,0,0,0,0,0,0.00,KMVON3kq...,1
546,147971,950116,"2025-06-03 17:41:12",0,0,0,0,0,0,0,0,0,0,0.00,KMVON3kq...,1
547,147971,950118,"2025-06-03 17:41:12",27,0,27,0,0,0,0,27,0,0,0.00,KMVON3kq...,1
548,147971,958745,"2025-06-03 17:41:12",0,0,0,0,0,0,0,0,0,0,0.00,KMVON3kq...,1
549,148001,910221,"2025-06-03 17:41:12",0,0,0,0,0,0,0,0,0,0,0.00,hNkiyApi...,9
550,148157,997142,"2025-06-03 17:41:12",0,0,0,0,0,0,0,0,0,0,0.00,vP2zSKDo...,5
551,148157,997143,"2025-06-03 17:41:12",0,0,0,0,0,0,0,0,0,0,0.00,vP2zSKDo...,5
552,148157,997150,"2025-06-03 17:41:12",0,0,0,0,0,0,0,0,0,0,0.00,vP2zSKDo...,5
553,148538,1003832,"2025-06-03 17:41:12",0,0,0,0,0,0,0,0,0,0,0.00,0NffC99H...,8
554,148538,1003833,"2025-06-03 17:41:12",0,0,0,0,0,0,0,0,0,0,0.00,0NffC99H...,8
555,148538,1003834,"2025-06-03 17:41:12",0,0,0,0,0,0,0,0,0,0,0.00,0NffC99H...,8
556,148985,984944,"2025-06-03 17:41:12",52,0,52,0,0,0,0,52,0,0,0.00,EuMWyAqP...,10
557,148985,984945,"2025-06-03 17:41:12",0,0,0,0,0,0,0,0,0,0,0.00,EuMWyAqP...,10
558,148985,984946,"2025-06-03 17:41:12",11,0,11,0,0,0,0,11,0,0,0.00,EuMWyAqP...,10
559,149462,1003816,"2025-06-03 17:41:12",0,0,0,0,0,0,0,0,0,0,0.00,0NffC99H...,8
560,149462,1003817,"2025-06-03 17:41:12",0,0,0,0,0,0,0,0,0,0,0.00,0NffC99H...,8
561,149462,1003818,"2025-06-03 17:41:12",0,0,0,0,0,0,0,0,0,0,0.00,0NffC99H...,8
562,149871,951873,"2025-06-03 17:41:12",6,0,6,0,0,0,0,6,0,0,0.00,yHvMFx1y...,6
563,149871,951874,"2025-06-03 17:41:12",0,0,0,0,0,0,0,0,0,0,0.00,yHvMFx1y...,6
564,150907,1007618,"2025-06-03 17:41:12",0,0,0,0,0,0,0,0,0,0,0.00,KMVON3kq...,1
565,150907,1007619,"2025-06-03 17:41:12",0,0,0,0,0,0,0,0,0,0,0.00,KMVON3kq...,1
566,150921,977287,"2025-06-03 17:41:12",2,0,2,0,0,0,0,2,0,0,0.00,8Rs1dOb7...,7
567,150921,977288,"2025-06-03 17:41:12",0,0,0,0,0,0,0,0,0,0,0.00,8Rs1dOb7...,7
568,150921,977296,"2025-06-03 17:41:12",0,0,0,0,0,0,0,0,0,0,0.00,8Rs1dOb7...,7
569,151545,973186,"2025-06-03 17:41:12",0,0,0,0,0,0,0,0,0,0,0.00,yHvMFx1y...,6
570,151545,1002487,"2025-06-03 17:41:12",0,0,0,0,0,0,0,0,0,0,0.00,yHvMFx1y...,6
571,151545,1002488,"2025-06-03 17:41:12",0,0,0,0,0,0,0,0,0,0,0.00,yHvMFx1y...,6
572,151545,1002613,"2025-06-03 17:41:12",0,0,0,0,0,0,0,0,0,0,0.00,yHvMFx1y...,6
573,151545,1002614,"2025-06-03 17:41:12",0,0,0,0,0,0,0,0,0,0,0.00,yHvMFx1y...,6
574,151545,1002615,"2025-06-03 17:41:12",0,0,0,0,0,0,0,0,0,0,0.00,yHvMFx1y...,6
575,151573,935796,"2025-06-03 17:41:12",55,0,55,0,0,0,0,55,0,0,0.00,hNkiyApi...,9
576,151631,1008910,"2025-06-03 17:41:12",0,0,0,0,0,0,0,0,0,0,0.00,KMVON3kq...,1
577,152294,947811,"2025-06-03 17:41:12",0,0,0,0,0,0,0,0,0,0,0.00,vP2zSKDo...,5
578,152294,947812,"2025-06-03 17:41:12",0,0,0,0,0,0,0,0,0,0,0.00,vP2zSKDo...,5
579,152294,947813,"2025-06-03 17:41:12",0,0,0,0,0,0,0,0,0,0,0.00,vP2zSKDo...,5
580,152294,947814,"2025-06-03 17:41:12",0,0,0,0,0,0,0,0,0,0,0.00,vP2zSKDo...,5
581,152294,947815,"2025-06-03 17:41:12",0,0,0,0,0,0,0,0,0,0,0.00,vP2zSKDo...,5
582,152294,947816,"2025-06-03 17:41:12",0,0,0,0,0,0,0,0,0,0,0.00,vP2zSKDo...,5
583,152605,1001405,"2025-06-03 17:41:12",0,0,0,0,0,0,0,0,0,0,0.00,e1lSV9eY...,4
584,152605,1001406,"2025-06-03 17:41:12",0,0,0,0,0,0,0,0,0,0,0.00,e1lSV9eY...,4
585,152605,1001407,"2025-06-03 17:41:12",0,0,0,0,0,0,0,0,0,0,0.00,e1lSV9eY...,4
586,155063,910115,"2025-06-03 17:41:12",32,0,32,0,0,0,0,32,0,0,0.00,hNkiyApi...,9
587,155698,913178,"2025-06-03 17:41:12",61,0,61,0,0,0,0,61,0,0,0.00,0NffC99H...,8
588,155698,913179,"2025-06-03 17:41:12",102,0,102,0,0,0,0,102,0,0,0.00,0NffC99H...,8
589,158767,937582,"2025-06-03 17:41:12",206,0,206,0,0,0,0,206,0,0,0.00,KMVON3kq...,1
590,158767,937583,"2025-06-03 17:41:12",17,0,17,0,0,0,0,17,0,0,0.00,KMVON3kq...,1
591,158767,937584,"2025-06-03 17:41:12",57,0,57,0,0,0,0,57,0,0,0.00,KMVON3kq...,1
592,158767,937585,"2025-06-03 17:41:12",20,0,20,0,0,0,0,20,0,0,0.00,KMVON3kq...,1
593,158767,937586,"2025-06-03 17:41:12",19,0,19,0,0,0,0,19,0,0,0.00,KMVON3kq...,1
594,159258,943431,"2025-06-03 17:41:12",101,0,101,0,0,0,0,101,0,0,0.00,KMVON3kq...,1
595,159608,1003735,"2025-06-03 17:41:12",2,0,2,0,0,0,0,2,0,0,0.00,e1lSV9eY...,4
596,159608,1003736,"2025-06-03 17:41:12",0,0,0,0,0,0,0,0,0,0,0.00,e1lSV9eY...,4
597,159608,1003737,"2025-06-03 17:41:12",0,0,0,0,0,0,0,0,0,0,0.00,e1lSV9eY...,4
598,159608,1009092,"2025-06-03 17:41:12",0,0,0,0,0,0,0,0,0,0,0.00,e1lSV9eY...,4
599,159614,921229,"2025-06-03 17:41:12",267,0,267,0,0,0,0,267,0,0,0.00,0NffC99H...,8
600,159614,921230,"2025-06-03 17:41:12",14,0,14,0,0,0,0,14,0,0,0.00,0NffC99H...,8
601,159614,921231,"2025-06-03 17:41:12",86,0,86,0,0,0,0,86,0,0,0.00,0NffC99H...,8
602,159614,921232,"2025-06-03 17:41:12",7,0,7,0,0,0,0,7,0,0,0.00,0NffC99H...,8
603,159614,921233,"2025-06-03 17:41:12",12,0,12,0,0,0,0,12,0,0,0.00,0NffC99H...,8
604,159614,921234,"2025-06-03 17:41:12",4,0,4,0,0,0,0,4,0,0,0.00,0NffC99H...,8
605,159614,921235,"2025-06-03 17:41:12",3,0,3,0,0,0,0,3,0,0,0.00,0NffC99H...,8
606,159614,921246,"2025-06-03 17:41:12",57,0,57,0,0,0,0,57,0,0,0.00,0NffC99H...,8
607,159614,921868,"2025-06-03 17:41:12",6,0,6,0,0,0,0,6,0,0,0.00,0NffC99H...,8
608,159614,921869,"2025-06-03 17:41:12",1,0,1,0,0,0,0,1,0,0,0.00,0NffC99H...,8
609,159760,950051,"2025-06-03 17:41:12",4,0,4,0,0,0,0,4,0,0,0.00,hNkiyApi...,9
610,160209,981759,"2025-06-03 17:41:12",82,0,82,0,0,0,0,82,0,0,0.00,e1lSV9eY...,4
611,160209,981760,"2025-06-03 17:41:12",1346,0,1346,0,0,0,0,1346,0,0,0.00,e1lSV9eY...,4
612,160209,981761,"2025-06-03 17:41:12",5,0,5,0,0,0,0,5,0,0,0.00,e1lSV9eY...,4
613,160673,1004564,"2025-06-03 17:41:12",0,0,0,0,0,0,0,0,0,0,0.00,e1lSV9eY...,4
614,160673,1004565,"2025-06-03 17:41:12",0,0,0,0,0,0,0,0,0,0,0.00,e1lSV9eY...,4
615,160673,1004566,"2025-06-03 17:41:12",0,0,0,0,0,0,0,0,0,0,0.00,e1lSV9eY...,4
616,160766,990341,"2025-06-03 17:41:12",0,0,0,0,0,0,0,0,0,0,0.00,e1lSV9eY...,4
617,160766,990342,"2025-06-03 17:41:12",0,0,0,0,0,0,0,0,0,0,0.00,e1lSV9eY...,4
618,160766,990343,"2025-06-03 17:41:12",0,0,0,0,0,0,0,0,0,0,0.00,e1lSV9eY...,4
619,160868,989389,"2025-06-03 17:41:12",0,0,0,0,0,0,0,0,0,0,0.00,KMVON3kq...,1
620,160868,989390,"2025-06-03 17:41:12",0,0,0,0,0,0,0,0,0,0,0.00,KMVON3kq...,1
621,160868,989391,"2025-06-03 17:41:12",0,0,0,0,0,0,0,0,0,0,0.00,KMVON3kq...,1
622,160894,959266,"2025-06-03 17:41:12",41,0,41,0,0,0,0,41,0,0,0.00,e1lSV9eY...,4
623,160894,959267,"2025-06-03 17:41:12",1,0,1,0,0,0,0,1,0,0,0.00,e1lSV9eY...,4
624,160894,959268,"2025-06-03 17:41:12",0,0,0,0,0,0,0,0,0,0,0.00,e1lSV9eY...,4
625,161664,973876,"2025-06-03 17:41:12",16,0,16,0,0,0,0,16,0,0,0.00,hNkiyApi...,9
626,161664,973877,"2025-06-03 17:41:12",12,0,12,0,0,0,0,12,0,0,0.00,hNkiyApi...,9
627,162111,959370,"2025-06-03 17:41:12",0,0,0,0,0,0,0,0,0,0,0.00,OiX84NDS...,12
628,162111,959371,"2025-06-03 17:41:12",0,0,0,0,0,0,0,0,0,0,0.00,OiX84NDS...,12
629,162676,999437,"2025-06-03 17:41:12",0,0,0,0,0,0,0,0,0,0,0.00,vP2zSKDo...,5
630,162676,999438,"2025-06-03 17:41:12",0,0,0,0,0,0,0,0,0,0,0.00,vP2zSKDo...,5
631,163035,949454,"2025-06-03 17:41:12",18,0,18,0,0,0,0,18,0,0,0.00,KMVON3kq...,1
632,163035,949455,"2025-06-03 17:41:12",1,0,1,0,0,0,0,1,0,0,0.00,KMVON3kq...,1
633,163286,971593,"2025-06-03 17:41:12",51,0,51,0,0,0,0,51,0,0,0.00,vP2zSKDo...,5
634,163286,971594,"2025-06-03 17:41:12",40,0,40,0,0,0,0,40,0,0,0.00,vP2zSKDo...,5
635,163286,971595,"2025-06-03 17:41:12",4,0,4,0,0,0,0,4,0,0,0.00,vP2zSKDo...,5
636,163405,989117,"2025-06-03 17:41:12",0,0,0,0,0,0,0,0,0,0,0.00,vP2zSKDo...,5
637,163593,995384,"2025-06-03 17:41:12",72,0,72,0,0,0,0,72,0,0,0.00,e1lSV9eY...,4
638,163593,995385,"2025-06-03 17:41:12",3,0,3,0,0,0,0,3,0,0,0.00,e1lSV9eY...,4
639,163593,995386,"2025-06-03 17:41:12",2,0,2,0,0,0,0,2,0,0,0.00,e1lSV9eY...,4
640,163712,968445,"2025-06-03 17:41:12",0,0,0,0,0,0,0,0,0,0,0.00,alwfRlvl...,3
641,163712,975803,"2025-06-03 17:41:12",0,0,0,0,0,0,0,0,0,0,0.00,alwfRlvl...,3
642,164667,887765,"2025-06-03 17:41:12",0,0,0,0,0,0,0,0,0,0,0.00,e1lSV9eY...,4
643,164667,887766,"2025-06-03 17:41:12",0,0,0,0,0,0,0,0,0,0,0.00,e1lSV9eY...,4
644,164667,887767,"2025-06-03 17:41:12",11,0,11,0,0,0,0,11,0,0,0.00,e1lSV9eY...,4
645,164667,887768,"2025-06-03 17:41:12",14,0,14,0,0,0,0,14,0,0,0.00,e1lSV9eY...,4
646,164667,887769,"2025-06-03 17:41:12",0,0,0,0,0,0,0,0,0,0,0.00,e1lSV9eY...,4
647,164667,887770,"2025-06-03 17:41:12",3,0,3,0,0,0,0,3,0,0,0.00,e1lSV9eY...,4
648,165177,991819,"2025-06-03 17:41:12",0,0,0,0,0,0,0,0,0,0,0.00,OiX84NDS...,12
649,165177,991820,"2025-06-03 17:41:12",0,0,0,0,0,0,0,0,0,0,0.00,OiX84NDS...,12
650,165177,991821,"2025-06-03 17:41:12",0,0,0,0,0,0,0,0,0,0,0.00,OiX84NDS...,12
651,165177,991822,"2025-06-03 17:41:12",0,0,0,0,0,0,0,0,0,0,0.00,OiX84NDS...,12
652,165177,1006866,"2025-06-03 17:41:12",0,0,0,0,0,0,0,0,0,0,0.00,OiX84NDS...,12
653,165275,955581,"2025-06-03 17:41:12",31,0,31,0,0,0,0,31,0,0,0.00,hNkiyApi...,9
654,165311,935339,"2025-06-03 17:41:12",2,0,2,0,0,0,0,2,0,0,0.00,hNkiyApi...,9
655,165370,991912,"2025-06-03 17:41:12",0,0,0,0,0,0,0,0,0,0,0.00,vP2zSKDo...,5
656,165370,991913,"2025-06-03 17:41:12",2,0,2,0,0,0,0,2,0,0,0.00,vP2zSKDo...,5
657,165370,991914,"2025-06-03 17:41:12",0,0,0,0,0,0,0,0,0,0,0.00,vP2zSKDo...,5
658,165370,991915,"2025-06-03 17:41:12",0,0,0,0,0,0,0,0,0,0,0.00,vP2zSKDo...,5
659,165370,991916,"2025-06-03 17:41:12",0,0,0,0,0,0,0,0,0,0,0.00,vP2zSKDo...,5
660,165370,1004616,"2025-06-03 17:41:12",0,0,0,0,0,0,0,0,0,0,0.00,vP2zSKDo...,5
661,165742,991873,"2025-06-03 17:41:12",0,0,0,0,0,0,0,0,0,0,0.00,alwfRlvl...,3
662,165742,991874,"2025-06-03 17:41:12",0,0,0,0,0,0,0,0,0,0,0.00,alwfRlvl...,3
663,165742,991875,"2025-06-03 17:41:12",1,0,1,0,0,0,0,1,0,0,0.00,alwfRlvl...,3
664,165742,991876,"2025-06-03 17:41:12",0,0,0,0,0,0,0,0,0,0,0.00,alwfRlvl...,3
665,165742,991877,"2025-06-03 17:41:12",0,0,0,0,0,0,0,0,0,0,0.00,alwfRlvl...,3
666,165742,1006860,"2025-06-03 17:41:12",0,0,0,0,0,0,0,0,0,0,0.00,alwfRlvl...,3
667,166710,1007456,"2025-06-03 17:41:12",8,0,8,0,0,0,0,8,0,0,0.00,EuMWyAqP...,10
668,166710,1007457,"2025-06-03 17:41:12",1,0,1,0,0,0,0,1,0,0,0.00,EuMWyAqP...,10
669,166710,1007458,"2025-06-03 17:41:12",0,0,0,0,0,0,0,0,0,0,0.00,EuMWyAqP...,10
670,167447,995211,"2025-06-03 17:41:12",1,0,1,0,0,0,0,1,0,0,0.00,8Rs1dOb7...,7
671,167447,995212,"2025-06-03 17:41:12",0,0,0,0,0,0,0,0,0,0,0.00,8Rs1dOb7...,7
672,167680,991504,"2025-06-03 17:41:12",1,0,1,0,0,0,0,1,0,0,0.00,8Rs1dOb7...,7
673,167680,991505,"2025-06-03 17:41:12",1,0,1,0,0,0,0,1,0,0,0.00,8Rs1dOb7...,7
674,167680,991506,"2025-06-03 17:41:12",0,0,0,0,0,0,0,0,0,0,0.00,8Rs1dOb7...,7
675,167680,991507,"2025-06-03 17:41:12",2,0,2,0,0,0,0,2,0,0,0.00,8Rs1dOb7...,7
676,167680,991508,"2025-06-03 17:41:12",0,0,0,0,0,0,0,0,0,0,0.00,8Rs1dOb7...,7
677,167680,991509,"2025-06-03 17:41:12",0,0,0,0,0,0,0,0,0,0,0.00,8Rs1dOb7...,7
678,167704,997226,"2025-06-03 17:41:12",0,0,0,0,0,0,0,0,0,0,0.00,vP2zSKDo...,5
679,167948,1006916,"2025-06-03 17:41:12",0,0,0,0,0,0,0,0,0,0,0.00,e1lSV9eY...,4
680,168247,1007880,"2025-06-03 17:41:12",0,0,0,0,0,0,0,0,0,0,0.00,e1lSV9eY...,4
681,168906,983677,"2025-06-03 17:41:12",0,0,0,0,0,0,0,0,0,0,0.00,e1lSV9eY...,4
682,168906,983678,"2025-06-03 17:41:12",0,0,0,0,0,0,0,0,0,0,0.00,e1lSV9eY...,4
683,168906,983679,"2025-06-03 17:41:12",0,0,0,0,0,0,0,0,0,0,0.00,e1lSV9eY...,4
684,168906,983680,"2025-06-03 17:41:12",0,0,0,0,0,0,0,0,0,0,0.00,e1lSV9eY...,4
685,168906,983681,"2025-06-03 17:41:12",0,0,0,0,0,0,0,0,0,0,0.00,e1lSV9eY...,4
686,168906,983682,"2025-06-03 17:41:12",0,0,0,0,0,0,0,0,0,0,0.00,e1lSV9eY...,4
687,168967,931418,"2025-06-03 17:41:12",28,0,28,0,0,0,0,28,0,0,0.00,KMVON3kq...,1
688,168967,931419,"2025-06-03 17:41:12",11,0,11,0,0,0,0,11,0,0,0.00,KMVON3kq...,1
689,169049,998158,"2025-06-03 17:41:12",0,0,0,0,0,0,0,0,0,0,0.00,e1lSV9eY...,4
690,169049,998159,"2025-06-03 17:41:12",0,0,0,0,0,0,0,0,0,0,0.00,e1lSV9eY...,4
691,169049,998160,"2025-06-03 17:41:12",0,0,0,0,0,0,0,0,0,0,0.00,e1lSV9eY...,4
692,169102,955494,"2025-06-03 17:41:12",1,0,1,0,0,0,0,1,0,0,0.00,voNeS2VZ...,11
693,169102,955496,"2025-06-03 17:41:12",0,0,0,0,0,0,0,0,0,0,0.00,voNeS2VZ...,11
694,169365,886574,"2025-06-03 17:41:12",3,0,3,0,0,0,0,3,0,0,0.00,e1lSV9eY...,4
695,169365,886575,"2025-06-03 17:41:12",0,0,0,0,0,0,0,0,0,0,0.00,e1lSV9eY...,4
696,169365,886576,"2025-06-03 17:41:12",34,0,34,0,0,0,0,34,0,0,0.00,e1lSV9eY...,4
697,169365,886577,"2025-06-03 17:41:12",52,0,52,0,0,0,0,52,0,0,0.00,e1lSV9eY...,4
698,169365,886578,"2025-06-03 17:41:12",93,0,93,0,0,0,0,93,0,0,0.00,e1lSV9eY...,4
699,169365,886579,"2025-06-03 17:41:12",5,0,5,0,0,0,0,5,0,0,0.00,e1lSV9eY...,4
700,169365,886580,"2025-06-03 17:41:12",1,0,1,0,0,0,0,1,0,0,0.00,e1lSV9eY...,4
701,169368,990263,"2025-06-03 17:41:12",228,0,228,0,0,0,0,228,0,0,0.00,KMVON3kq...,1
702,169368,990264,"2025-06-03 17:41:12",0,0,0,0,0,0,0,0,0,0,0.00,KMVON3kq...,1
703,169713,1008019,"2025-06-03 17:41:12",0,0,0,0,0,0,0,0,0,0,0.00,hNkiyApi...,9
704,169763,889719,"2025-06-03 17:41:12",131,0,131,0,0,0,0,131,0,0,0.00,voNeS2VZ...,11
705,169763,889720,"2025-06-03 17:41:12",23,0,23,0,0,0,0,23,0,0,0.00,voNeS2VZ...,11
706,169763,889721,"2025-06-03 17:41:12",17,0,17,0,0,0,0,17,0,0,0.00,voNeS2VZ...,11
707,169763,889722,"2025-06-03 17:41:12",1,0,1,0,0,0,0,1,0,0,0.00,voNeS2VZ...,11
708,169933,890950,"2025-06-03 17:41:12",0,0,0,0,0,0,0,0,0,0,0.00,e1lSV9eY...,4
709,169933,890951,"2025-06-03 17:41:12",0,0,0,0,0,0,0,0,0,0,0.00,e1lSV9eY...,4
710,169933,890952,"2025-06-03 17:41:12",6,0,6,0,0,0,0,6,0,0,0.00,e1lSV9eY...,4
711,169933,890953,"2025-06-03 17:41:12",6,0,6,0,0,0,0,6,0,0,0.00,e1lSV9eY...,4
712,169933,890954,"2025-06-03 17:41:12",0,0,0,0,0,0,0,0,0,0,0.00,e1lSV9eY...,4
713,169933,890955,"2025-06-03 17:41:12",1,0,1,0,0,0,0,1,0,0,0.00,e1lSV9eY...,4
714,170686,995435,"2025-06-03 17:41:12",0,0,0,0,0,0,0,0,0,0,0.00,e1lSV9eY...,4
715,170686,995436,"2025-06-03 17:41:12",0,0,0,0,0,0,0,0,0,0,0.00,e1lSV9eY...,4
716,170686,995437,"2025-06-03 17:41:12",0,0,0,0,0,0,0,0,0,0,0.00,e1lSV9eY...,4
717,170686,995438,"2025-06-03 17:41:12",0,0,0,0,0,0,0,0,0,0,0.00,e1lSV9eY...,4
718,170686,995439,"2025-06-03 17:41:12",0,0,0,0,0,0,0,0,0,0,0.00,e1lSV9eY...,4
719,170768,935077,"2025-06-03 17:41:12",11,0,11,0,0,0,0,11,0,0,0.00,z7XLV2FU...,13
720,170768,935078,"2025-06-03 17:41:12",10,0,10,0,0,0,0,10,0,0,0.00,z7XLV2FU...,13
721,170768,935079,"2025-06-03 17:41:12",0,0,0,0,0,0,0,0,0,0,0.00,z7XLV2FU...,13
722,170769,935728,"2025-06-03 17:41:12",2,0,2,0,0,0,0,2,0,0,0.00,z7XLV2FU...,13
723,170769,935729,"2025-06-03 17:41:12",4,0,4,0,0,0,0,4,0,0,0.00,z7XLV2FU...,13
724,170769,935730,"2025-06-03 17:41:12",6,0,6,0,0,0,0,6,0,0,0.00,z7XLV2FU...,13
725,170772,935724,"2025-06-03 17:41:12",4,0,4,0,0,0,0,4,0,0,0.00,z7XLV2FU...,13
726,170772,935725,"2025-06-03 17:41:12",2,0,2,0,0,0,0,2,0,0,0.00,z7XLV2FU...,13
727,170772,935726,"2025-06-03 17:41:12",0,0,0,0,0,0,0,0,0,0,0.00,z7XLV2FU...,13
728,171116,898968,"2025-06-03 17:41:12",0,0,0,0,0,0,0,0,0,0,0.00,0NffC99H...,8
729,171116,898969,"2025-06-03 17:41:12",0,0,0,0,0,0,0,0,0,0,0.00,0NffC99H...,8
730,171116,898970,"2025-06-03 17:41:12",0,0,0,0,0,0,0,0,0,0,0.00,0NffC99H...,8
731,171116,905892,"2025-06-03 17:41:12",0,0,0,0,0,0,0,0,0,0,0.00,0NffC99H...,8
732,171298,966730,"2025-06-03 17:41:12",0,0,0,0,0,0,0,0,0,0,0.00,e1lSV9eY...,4
733,171298,966731,"2025-06-03 17:41:12",0,0,0,0,0,0,0,0,0,0,0.00,e1lSV9eY...,4
734,171298,966732,"2025-06-03 17:41:12",0,0,0,0,0,0,0,0,0,0,0.00,e1lSV9eY...,4
735,171439,969637,"2025-06-03 17:41:12",9,0,9,0,0,0,0,9,0,0,0.00,KMVON3kq...,1
736,171439,969638,"2025-06-03 17:41:12",0,0,0,0,0,0,0,0,0,0,0.00,KMVON3kq...,1
737,171749,937038,"2025-06-03 17:41:12",0,0,0,0,0,0,0,0,0,0,0.00,voNeS2VZ...,11
738,171749,937039,"2025-06-03 17:41:12",2,0,2,0,0,0,0,2,0,0,0.00,voNeS2VZ...,11
739,172137,971256,"2025-06-03 17:41:12",36,0,36,0,0,0,0,36,0,0,0.00,KMVON3kq...,1
740,172137,971257,"2025-06-03 17:41:12",11,0,11,0,0,0,0,11,0,0,0.00,KMVON3kq...,1
741,172137,971258,"2025-06-03 17:41:12",8,0,8,0,0,0,0,8,0,0,0.00,KMVON3kq...,1
742,172137,971259,"2025-06-03 17:41:12",0,0,0,0,0,0,0,0,0,0,0.00,KMVON3kq...,1
743,172495,931430,"2025-06-03 17:41:12",0,0,0,0,0,0,0,0,0,0,0.00,KMVON3kq...,1
744,172495,931431,"2025-06-03 17:41:12",0,0,0,0,0,0,0,0,0,0,0.00,KMVON3kq...,1
745,172495,931432,"2025-06-03 17:41:12",0,0,0,0,0,0,0,0,0,0,0.00,KMVON3kq...,1
746,172495,931433,"2025-06-03 17:41:12",0,0,0,0,0,0,0,0,0,0,0.00,KMVON3kq...,1
747,172567,969471,"2025-06-03 17:41:12",0,0,0,0,0,0,0,0,0,0,0.00,e1lSV9eY...,4
748,173001,912779,"2025-06-03 17:41:12",17,0,17,0,0,0,0,17,0,0,0.00,yHvMFx1y...,6
749,173523,916712,"2025-06-03 17:41:12",651,0,651,0,0,0,0,651,0,0,0.00,8Rs1dOb7...,7
750,174109,922080,"2025-06-03 17:41:12",74,0,74,0,0,0,0,74,0,0,0.00,KMVON3kq...,1
751,174109,922081,"2025-06-03 17:41:12",131,0,131,0,0,0,0,131,0,0,0.00,KMVON3kq...,1
752,174109,922082,"2025-06-03 17:41:12",1,0,1,0,0,0,0,1,0,0,0.00,KMVON3kq...,1
753,174109,922083,"2025-06-03 17:41:12",4,0,4,0,0,0,0,4,0,0,0.00,KMVON3kq...,1
754,174767,926471,"2025-06-03 17:41:12",58,0,58,0,0,0,0,58,0,0,0.00,OiX84NDS...,12
755,174767,926472,"2025-06-03 17:41:12",50,0,50,0,0,0,0,50,0,0,0.00,OiX84NDS...,12
756,174767,926473,"2025-06-03 17:41:12",14,0,14,0,0,0,0,14,0,0,0.00,OiX84NDS...,12
757,174767,926478,"2025-06-03 17:41:12",1,0,1,0,0,0,0,1,0,0,0.00,OiX84NDS...,12
758,174767,928977,"2025-06-03 17:41:12",30,0,30,0,0,0,0,30,0,0,0.00,OiX84NDS...,12
759,174767,928978,"2025-06-03 17:41:12",17,0,17,0,0,0,0,17,0,0,0.00,OiX84NDS...,12
760,174767,928979,"2025-06-03 17:41:12",12,0,12,0,0,0,0,12,0,0,0.00,OiX84NDS...,12
761,174767,928981,"2025-06-03 17:41:12",0,0,0,0,0,0,0,0,0,0,0.00,OiX84NDS...,12
762,175178,929830,"2025-06-03 17:41:12",60,0,60,0,0,0,0,60,0,0,0.00,OiX84NDS...,12
763,175179,929832,"2025-06-03 17:41:12",18,0,18,0,0,0,0,18,0,0,0.00,OiX84NDS...,12
764,175179,929833,"2025-06-03 17:41:12",1,0,1,0,0,0,0,1,0,0,0.00,OiX84NDS...,12
765,175179,929834,"2025-06-03 17:41:12",39,0,39,0,0,0,0,39,0,0,0.00,OiX84NDS...,12
766,175179,929835,"2025-06-03 17:41:12",1,0,1,0,0,0,0,1,0,0,0.00,OiX84NDS...,12
767,175179,929836,"2025-06-03 17:41:12",16,0,16,0,0,0,0,16,0,0,0.00,OiX84NDS...,12
768,175179,929837,"2025-06-03 17:41:12",1,0,1,0,0,0,0,1,0,0,0.00,OiX84NDS...,12
769,175182,929846,"2025-06-03 17:41:12",180,0,180,0,0,0,0,180,0,0,0.00,OiX84NDS...,12
770,175182,959756,"2025-06-03 17:41:12",1,0,1,0,0,0,0,1,0,0,0.00,OiX84NDS...,12
771,175275,930853,"2025-06-03 17:41:12",0,0,0,0,0,0,0,0,0,0,0.00,OiX84NDS...,12
772,175275,930854,"2025-06-03 17:41:12",0,0,0,0,0,0,0,0,0,0,0.00,OiX84NDS...,12
773,175275,930855,"2025-06-03 17:41:12",0,0,0,0,0,0,0,0,0,0,0.00,OiX84NDS...,12
774,176019,936325,"2025-06-03 17:41:12",26,0,26,0,0,0,0,26,0,0,0.00,z7XLV2FU...,13
775,176019,936326,"2025-06-03 17:41:12",46,0,46,0,0,0,0,46,0,0,0.00,z7XLV2FU...,13
776,176019,936327,"2025-06-03 17:41:12",10,0,10,0,0,0,0,10,0,0,0.00,z7XLV2FU...,13
777,176021,936333,"2025-06-03 17:41:12",47,0,47,0,0,0,0,47,0,0,0.00,z7XLV2FU...,13
778,176021,936334,"2025-06-03 17:41:12",38,0,38,0,0,0,0,38,0,0,0.00,z7XLV2FU...,13
779,176021,1000587,"2025-06-03 17:41:12",2,0,2,0,0,0,0,2,0,0,0.00,z7XLV2FU...,13
780,176022,936335,"2025-06-03 17:41:12",70,0,70,0,0,0,0,70,0,0,0.00,z7XLV2FU...,13
781,176022,936336,"2025-06-03 17:41:12",17,0,17,0,0,0,0,17,0,0,0.00,z7XLV2FU...,13
782,176022,936337,"2025-06-03 17:41:12",2,0,2,0,0,0,0,2,0,0,0.00,z7XLV2FU...,13
783,176022,936338,"2025-06-03 17:41:12",0,0,0,0,0,0,0,0,0,0,0.00,z7XLV2FU...,13
784,176024,936341,"2025-06-03 17:41:12",13,0,13,0,0,0,0,13,0,0,0.00,z7XLV2FU...,13
785,176024,936342,"2025-06-03 17:41:12",0,0,0,0,0,0,0,0,0,0,0.00,z7XLV2FU...,13
786,176025,936343,"2025-06-03 17:41:12",1,0,1,0,0,0,0,1,0,0,0.00,z7XLV2FU...,13
787,176025,936344,"2025-06-03 17:41:12",0,0,0,0,0,0,0,0,0,0,0.00,z7XLV2FU...,13
788,176384,938913,"2025-06-03 17:41:12",4,0,4,0,0,0,0,4,0,0,0.00,voNeS2VZ...,11
789,176384,944638,"2025-06-03 17:41:12",0,0,0,0,0,0,0,0,0,0,0.00,voNeS2VZ...,11
790,176384,944639,"2025-06-03 17:41:12",7,0,7,0,0,0,0,7,0,0,0.00,voNeS2VZ...,11
791,176384,944646,"2025-06-03 17:41:12",27,0,27,0,0,0,0,27,0,0,0.00,voNeS2VZ...,11
792,176450,939631,"2025-06-03 17:41:12",43,0,43,0,0,0,0,43,0,0,0.00,OiX84NDS...,12
793,176450,939636,"2025-06-03 17:41:12",64,0,64,0,0,0,0,64,0,0,0.00,OiX84NDS...,12
794,176450,939637,"2025-06-03 17:41:12",10,0,10,0,0,0,0,10,0,0,0.00,OiX84NDS...,12
795,176450,939639,"2025-06-03 17:41:12",3,0,3,0,0,0,0,3,0,0,0.00,OiX84NDS...,12
796,176450,939648,"2025-06-03 17:41:12",5,0,5,0,0,0,0,5,0,0,0.00,OiX84NDS...,12
797,176450,939651,"2025-06-03 17:41:12",0,0,0,0,0,0,0,0,0,0,0.00,OiX84NDS...,12
798,176450,939652,"2025-06-03 17:41:12",2,0,2,0,0,0,0,2,0,0,0.00,OiX84NDS...,12
799,176450,939656,"2025-06-03 17:41:12",0,0,0,0,0,0,0,0,0,0,0.00,OiX84NDS...,12
800,176450,939657,"2025-06-03 17:41:12",2,0,2,0,0,0,0,2,0,0,0.00,OiX84NDS...,12
801,176450,939661,"2025-06-03 17:41:12",0,0,0,0,0,0,0,0,0,0,0.00,OiX84NDS...,12
802,176450,947589,"2025-06-03 17:41:12",2,0,2,0,0,0,0,2,0,0,0.00,OiX84NDS...,12
803,176619,941461,"2025-06-03 17:41:12",58,0,58,0,0,0,0,58,0,0,0.00,OiX84NDS...,12
804,176619,956119,"2025-06-03 17:41:12",4,0,4,0,0,0,0,4,0,0,0.00,OiX84NDS...,12
805,176695,942115,"2025-06-03 17:41:12",53,0,53,0,0,0,0,53,0,0,0.00,vP2zSKDo...,5
806,176695,942116,"2025-06-03 17:41:12",5,0,5,0,0,0,0,5,0,0,0.00,vP2zSKDo...,5
807,176806,943265,"2025-06-03 17:41:12",25,0,25,0,0,0,0,25,0,0,0.00,KMVON3kq...,1
808,176806,943266,"2025-06-03 17:41:12",0,0,0,0,0,0,0,0,0,0,0.00,KMVON3kq...,1
809,176806,943267,"2025-06-03 17:41:12",56,0,56,0,0,0,0,56,0,0,0.00,KMVON3kq...,1
810,176806,943268,"2025-06-03 17:41:12",0,0,0,0,0,0,0,0,0,0,0.00,KMVON3kq...,1
811,176806,944432,"2025-06-03 17:41:12",1,0,1,0,0,0,0,1,0,0,0.00,KMVON3kq...,1
812,177140,947202,"2025-06-03 17:41:12",8,0,8,0,0,0,0,8,0,0,0.00,yHvMFx1y...,6
813,177140,947203,"2025-06-03 17:41:12",30,0,30,0,0,0,0,30,0,0,0.00,yHvMFx1y...,6
814,177140,947204,"2025-06-03 17:41:12",0,0,0,0,0,0,0,0,0,0,0.00,yHvMFx1y...,6
815,177140,947205,"2025-06-03 17:41:12",2,0,2,0,0,0,0,2,0,0,0.00,yHvMFx1y...,6
816,177140,947206,"2025-06-03 17:41:12",2,0,2,0,0,0,0,2,0,0,0.00,yHvMFx1y...,6
817,177140,947207,"2025-06-03 17:41:12",6,0,6,0,0,0,0,6,0,0,0.00,yHvMFx1y...,6
818,177140,947208,"2025-06-03 17:41:12",2,0,2,0,0,0,0,2,0,0,0.00,yHvMFx1y...,6
819,177140,947209,"2025-06-03 17:41:12",14,0,14,0,0,0,0,14,0,0,0.00,yHvMFx1y...,6
820,177140,947210,"2025-06-03 17:41:12",1,0,1,0,0,0,0,1,0,0,0.00,yHvMFx1y...,6
821,177140,947211,"2025-06-03 17:41:12",2,0,2,0,0,0,0,2,0,0,0.00,yHvMFx1y...,6
822,177140,947212,"2025-06-03 17:41:12",0,0,0,0,0,0,0,0,0,0,0.00,yHvMFx1y...,6
823,177140,947213,"2025-06-03 17:41:12",0,0,0,0,0,0,0,0,0,0,0.00,yHvMFx1y...,6
824,177140,947214,"2025-06-03 17:41:12",0,0,0,0,0,0,0,0,0,0,0.00,yHvMFx1y...,6
825,177140,947215,"2025-06-03 17:41:12",0,0,0,0,0,0,0,0,0,0,0.00,yHvMFx1y...,6
826,177140,947216,"2025-06-03 17:41:12",1,0,1,0,0,0,0,1,0,0,0.00,yHvMFx1y...,6
827,177140,947217,"2025-06-03 17:41:12",0,0,0,0,0,0,0,0,0,0,0.00,yHvMFx1y...,6
828,177140,947218,"2025-06-03 17:41:12",1,0,1,0,0,0,0,1,0,0,0.00,yHvMFx1y...,6
829,177140,947219,"2025-06-03 17:41:12",0,0,0,0,0,0,0,0,0,0,0.00,yHvMFx1y...,6
830,177140,947220,"2025-06-03 17:41:12",0,0,0,0,0,0,0,0,0,0,0.00,yHvMFx1y...,6
831,177140,947221,"2025-06-03 17:41:12",0,0,0,0,0,0,0,0,0,0,0.00,yHvMFx1y...,6
832,177140,947222,"2025-06-03 17:41:12",2,0,2,0,0,0,0,2,0,0,0.00,yHvMFx1y...,6
833,177140,947223,"2025-06-03 17:41:12",0,0,0,0,0,0,0,0,0,0,0.00,yHvMFx1y...,6
834,177140,947224,"2025-06-03 17:41:12",0,0,0,0,0,0,0,0,0,0,0.00,yHvMFx1y...,6
835,177166,947678,"2025-06-03 17:41:12",1,0,1,0,0,0,0,1,0,0,0.00,OiX84NDS...,12
836,177166,947679,"2025-06-03 17:41:12",0,0,0,0,0,0,0,0,0,0,0.00,OiX84NDS...,12
837,177392,949565,"2025-06-03 17:41:12",111,0,111,0,0,0,0,111,0,0,0.00,OiX84NDS...,12
838,177392,949566,"2025-06-03 17:41:12",81,0,81,0,0,0,0,81,0,0,0.00,OiX84NDS...,12
839,177392,949567,"2025-06-03 17:41:12",175,0,175,0,0,0,0,175,0,0,0.00,OiX84NDS...,12
840,177392,949568,"2025-06-03 17:41:12",30,0,30,0,0,0,0,30,0,0,0.00,OiX84NDS...,12
841,177559,951250,"2025-06-03 17:41:12",24,0,24,0,0,0,0,24,0,0,0.00,voNeS2VZ...,11
842,177559,951251,"2025-06-03 17:41:12",3,0,3,0,0,0,0,3,0,0,0.00,voNeS2VZ...,11
843,177559,951252,"2025-06-03 17:41:12",4,0,4,0,0,0,0,4,0,0,0.00,voNeS2VZ...,11
844,177708,952816,"2025-06-03 17:41:12",108,0,108,0,0,0,0,108,0,0,0.00,KMVON3kq...,1
845,177708,952817,"2025-06-03 17:41:12",99,0,99,0,0,0,0,99,0,0,0.00,KMVON3kq...,1
846,177708,952818,"2025-06-03 17:41:12",10,0,10,0,0,0,0,10,0,0,0.00,KMVON3kq...,1
847,179140,965039,"2025-06-03 17:41:12",1,0,1,0,0,0,0,1,0,0,0.00,KMVON3kq...,1
848,179140,965040,"2025-06-03 17:41:12",6,0,6,0,0,0,0,6,0,0,0.00,KMVON3kq...,1
849,179140,965041,"2025-06-03 17:41:12",5,0,5,0,0,0,0,5,0,0,0.00,KMVON3kq...,1
850,179240,965898,"2025-06-03 17:41:12",1,0,1,0,0,0,0,1,0,0,0.00,voNeS2VZ...,11
851,179240,965899,"2025-06-03 17:41:12",0,0,0,0,0,0,0,0,0,0,0.00,voNeS2VZ...,11
852,179240,965900,"2025-06-03 17:41:12",0,0,0,0,0,0,0,0,0,0,0.00,voNeS2VZ...,11
853,179240,965901,"2025-06-03 17:41:12",0,0,0,0,0,0,0,0,0,0,0.00,voNeS2VZ...,11
854,179240,965902,"2025-06-03 17:41:12",0,0,0,0,0,0,0,0,0,0,0.00,voNeS2VZ...,11
855,179651,969081,"2025-06-03 17:41:12",339,0,339,0,0,0,0,339,0,0,0.00,OiX84NDS...,12
856,179651,969082,"2025-06-03 17:41:12",130,0,130,0,0,0,0,130,0,0,0.00,OiX84NDS...,12
857,179651,969083,"2025-06-03 17:41:12",61,0,61,0,0,0,0,61,0,0,0.00,OiX84NDS...,12
858,179651,969084,"2025-06-03 17:41:12",34,0,34,0,0,0,0,34,0,0,0.00,OiX84NDS...,12
859,179651,969085,"2025-06-03 17:41:12",74,0,74,0,0,0,0,74,0,0,0.00,OiX84NDS...,12
860,179651,969086,"2025-06-03 17:41:12",45,0,45,0,0,0,0,45,0,0,0.00,OiX84NDS...,12
861,179651,1006848,"2025-06-03 17:41:12",48,0,48,0,0,0,0,48,0,0,0.00,OiX84NDS...,12
862,179750,969848,"2025-06-03 17:41:12",7,0,7,0,0,0,0,7,0,0,0.00,voNeS2VZ...,11
863,179750,969849,"2025-06-03 17:41:12",0,0,0,0,0,0,0,0,0,0,0.00,voNeS2VZ...,11
864,179750,980383,"2025-06-03 17:41:12",0,0,0,0,0,0,0,0,0,0,0.00,voNeS2VZ...,11
865,179750,1006664,"2025-06-03 17:41:12",2,0,2,0,0,0,0,2,0,0,0.00,voNeS2VZ...,11
866,179923,971200,"2025-06-03 17:41:12",0,0,0,0,0,0,0,0,0,0,0.00,KMVON3kq...,1
867,180428,975281,"2025-06-03 17:41:12",2,0,2,0,0,0,0,2,0,0,0.00,voNeS2VZ...,11
868,180452,975508,"2025-06-03 17:41:12",74,0,74,0,0,0,0,74,0,0,0.00,KMVON3kq...,1
869,180879,978266,"2025-06-03 17:41:12",0,0,0,0,0,0,0,0,0,0,0.00,e1lSV9eY...,4
870,180879,978267,"2025-06-03 17:41:12",0,0,0,0,0,0,0,0,0,0,0.00,e1lSV9eY...,4
871,180893,978362,"2025-06-03 17:41:12",0,0,0,0,0,0,0,0,0,0,0.00,voNeS2VZ...,11
872,180893,978363,"2025-06-03 17:41:12",0,0,0,0,0,0,0,0,0,0,0.00,voNeS2VZ...,11
873,180893,978364,"2025-06-03 17:41:12",0,0,0,0,0,0,0,0,0,0,0.00,voNeS2VZ...,11
874,180893,978365,"2025-06-03 17:41:12",0,0,0,0,0,0,0,0,0,0,0.00,voNeS2VZ...,11
875,180893,978366,"2025-06-03 17:41:12",0,0,0,0,0,0,0,0,0,0,0.00,voNeS2VZ...,11
876,180893,978367,"2025-06-03 17:41:12",0,0,0,0,0,0,0,0,0,0,0.00,voNeS2VZ...,11
877,180893,978368,"2025-06-03 17:41:12",0,0,0,0,0,0,0,0,0,0,0.00,voNeS2VZ...,11
878,180893,978369,"2025-06-03 17:41:12",0,0,0,0,0,0,0,0,0,0,0.00,voNeS2VZ...,11
879,180951,978819,"2025-06-03 17:41:12",0,0,0,0,0,0,0,0,0,0,0.00,OiX84NDS...,12
880,180951,978820,"2025-06-03 17:41:12",3,0,3,0,0,0,0,3,0,0,0.00,OiX84NDS...,12
881,180951,978821,"2025-06-03 17:41:12",15,0,15,0,0,0,0,15,0,0,0.00,OiX84NDS...,12
882,180951,978822,"2025-06-03 17:41:12",7,0,7,0,0,0,0,7,0,0,0.00,OiX84NDS...,12
883,182275,987631,"2025-06-03 17:41:12",0,0,0,0,0,0,0,0,0,0,0.00,alwfRlvl...,3
884,182275,987632,"2025-06-03 17:41:12",0,0,0,0,0,0,0,0,0,0,0.00,alwfRlvl...,3
885,182275,987633,"2025-06-03 17:41:12",0,0,0,0,0,0,0,0,0,0,0.00,alwfRlvl...,3
886,182275,987634,"2025-06-03 17:41:12",0,0,0,0,0,0,0,0,0,0,0.00,alwfRlvl...,3
887,182275,987635,"2025-06-03 17:41:12",0,0,0,0,0,0,0,0,0,0,0.00,alwfRlvl...,3
888,182275,987636,"2025-06-03 17:41:12",0,0,0,0,0,0,0,0,0,0,0.00,alwfRlvl...,3
889,182275,987637,"2025-06-03 17:41:12",0,0,0,0,0,0,0,0,0,0,0.00,alwfRlvl...,3
890,182275,987638,"2025-06-03 17:41:12",0,0,0,0,0,0,0,0,0,0,0.00,alwfRlvl...,3
891,182275,987639,"2025-06-03 17:41:12",0,0,0,0,0,0,0,0,0,0,0.00,alwfRlvl...,3
892,182275,987640,"2025-06-03 17:41:12",0,0,0,0,0,0,0,0,0,0,0.00,alwfRlvl...,3
893,182275,987641,"2025-06-03 17:41:12",0,0,0,0,0,0,0,0,0,0,0.00,alwfRlvl...,3
894,182483,989017,"2025-06-03 17:41:12",3,0,3,0,0,0,0,3,0,0,0.00,z7XLV2FU...,13
895,182483,989018,"2025-06-03 17:41:12",2,0,2,0,0,0,0,2,0,0,0.00,z7XLV2FU...,13
896,182483,989035,"2025-06-03 17:41:12",0,0,0,0,0,0,0,0,0,0,0.00,z7XLV2FU...,13
897,182761,990838,"2025-06-03 17:41:12",0,0,0,0,0,0,0,0,0,0,0.00,vP2zSKDo...,5
898,182761,990839,"2025-06-03 17:41:12",0,0,0,0,0,0,0,0,0,0,0.00,vP2zSKDo...,5
899,182761,990840,"2025-06-03 17:41:12",0,0,0,0,0,0,0,0,0,0,0.00,vP2zSKDo...,5
900,182761,990848,"2025-06-03 17:41:12",0,0,0,0,0,0,0,0,0,0,0.00,vP2zSKDo...,5
901,183381,994480,"2025-06-03 17:41:12",0,0,0,0,0,0,0,0,0,0,0.00,vP2zSKDo...,5
902,183381,994489,"2025-06-03 17:41:12",0,0,0,0,0,0,0,0,0,0,0.00,vP2zSKDo...,5
903,183531,995328,"2025-06-03 17:41:12",149,0,149,0,0,0,0,149,0,0,0.00,e1lSV9eY...,4
904,183531,995329,"2025-06-03 17:41:12",13,0,13,0,0,0,0,13,0,0,0.00,e1lSV9eY...,4
905,183710,996752,"2025-06-03 17:41:12",1825,0,1825,0,0,0,0,1825,0,0,0.00,voNeS2VZ...,11
906,184050,998929,"2025-06-03 17:41:12",4,0,4,0,0,0,0,4,0,0,0.00,OiX84NDS...,12
907,184050,998930,"2025-06-03 17:41:12",4,0,4,0,0,0,0,4,0,0,0.00,OiX84NDS...,12
908,184050,998931,"2025-06-03 17:41:12",3,0,3,0,0,0,0,3,0,0,0.00,OiX84NDS...,12
909,184050,998932,"2025-06-03 17:41:12",4,0,4,0,0,0,0,4,0,0,0.00,OiX84NDS...,12
910,184316,1000693,"2025-06-03 17:41:12",50,0,50,0,0,0,0,50,0,0,0.00,OiX84NDS...,12
911,184316,1000694,"2025-06-03 17:41:12",52,0,52,0,0,0,0,52,0,0,0.00,OiX84NDS...,12
912,184361,1001124,"2025-06-03 17:41:12",8,0,8,0,0,0,0,8,0,0,0.00,e1lSV9eY...,4
913,184361,1001125,"2025-06-03 17:41:12",1,0,1,0,0,0,0,1,0,0,0.00,e1lSV9eY...,4
914,184362,1001134,"2025-06-03 17:41:12",9,0,9,0,0,0,0,9,0,0,0.00,voNeS2VZ...,11
915,184362,1006620,"2025-06-03 17:41:12",0,0,0,0,0,0,0,0,0,0,0.00,voNeS2VZ...,11
916,184408,1001411,"2025-06-03 17:41:12",0,0,0,0,0,0,0,0,0,0,0.00,EuMWyAqP...,10
917,184457,1001723,"2025-06-03 17:41:12",0,0,0,0,0,0,0,0,0,0,0.00,KMVON3kq...,1
918,184457,1001724,"2025-06-03 17:41:12",0,0,0,0,0,0,0,0,0,0,0.00,KMVON3kq...,1
919,184457,1001725,"2025-06-03 17:41:12",0,0,0,0,0,0,0,0,0,0,0.00,KMVON3kq...,1
920,184457,1001726,"2025-06-03 17:41:12",0,0,0,0,0,0,0,0,0,0,0.00,KMVON3kq...,1
921,184468,1001790,"2025-06-03 17:41:12",9,0,9,0,0,0,0,9,0,0,0.00,KMVON3kq...,1
922,184505,1002086,"2025-06-03 17:41:12",8,0,8,0,0,0,0,8,0,0,0.00,OiX84NDS...,12
923,184505,1002087,"2025-06-03 17:41:12",14,0,14,0,0,0,0,14,0,0,0.00,OiX84NDS...,12
924,184505,1002088,"2025-06-03 17:41:12",29,0,29,0,0,0,0,29,0,0,0.00,OiX84NDS...,12
925,184838,1004531,"2025-06-03 17:41:12",0,0,0,0,0,0,0,0,0,0,0.00,8Rs1dOb7...,7
926,184838,1004532,"2025-06-03 17:41:12",0,0,0,0,0,0,0,0,0,0,0.00,8Rs1dOb7...,7
927,184875,1004792,"2025-06-03 17:41:12",0,0,0,0,0,0,0,0,0,0,0.00,KMVON3kq...,1
928,184875,1004793,"2025-06-03 17:41:12",0,0,0,0,0,0,0,0,0,0,0.00,KMVON3kq...,1
929,184875,1009085,"2025-06-03 17:41:12",0,0,0,0,0,0,0,0,0,0,0.00,KMVON3kq...,1
930,184916,1005017,"2025-06-03 17:41:12",0,0,0,0,0,0,0,0,0,0,0.00,yHvMFx1y...,6
931,185081,1006413,"2025-06-03 17:41:12",1,0,1,0,0,0,0,1,0,0,0.00,OiX84NDS...,12
932,185081,1006414,"2025-06-03 17:41:12",4,0,4,0,0,0,0,4,0,0,0.00,OiX84NDS...,12
933,185081,1006417,"2025-06-03 17:41:12",0,0,0,0,0,0,0,0,0,0,0.00,OiX84NDS...,12
934,185443,1009177,"2025-06-03 17:41:12",0,0,0,0,0,0,0,0,0,0,0.00,OiX84NDS...,12
935,160209,981760,"2025-06-07 20:59:55",1373,,1373,,,,,1373,,,,updated_from_actual_data,
936,83867,953879,"2025-06-07 20:59:55",1294,,1294,,,,,1294,,,,updated_from_actual_data,
937,133058,1005192,"2025-06-07 20:59:55",1243,,1243,,,,,1243,,,,updated_from_actual_data,
938,141369,925675,"2025-06-07 20:59:55",1023,,1023,,,,,1023,,,,updated_from_actual_data,
939,69168,900630,"2025-06-07 20:59:55",936,,936,,,,,936,,,,updated_from_actual_data,
940,173523,916712,"2025-06-07 20:59:55",887,,887,,,,,887,,,,updated_from_actual_data,
941,146043,1000041,"2025-06-07 20:59:55",845,,845,,,,,845,,,,updated_from_actual_data,
942,73555,983841,"2025-06-07 20:59:55",835,,835,,,,,835,,,,updated_from_actual_data,
943,84700,956023,"2025-06-07 20:59:55",647,,647,,,,,647,,,,updated_from_actual_data,
944,73555,947972,"2025-06-07 20:59:55",614,,614,,,,,614,,,,updated_from_actual_data,
945,141369,925674,"2025-06-07 20:59:55",587,,587,,,,,587,,,,updated_from_actual_data,
946,60888,960686,"2025-06-07 20:59:55",512,,512,,,,,512,,,,updated_from_actual_data,
947,133058,1005193,"2025-06-07 20:59:55",504,,504,,,,,504,,,,updated_from_actual_data,
948,85972,922328,"2025-06-07 20:59:55",482,,482,,,,,482,,,,updated_from_actual_data,
949,128971,979734,"2025-06-07 20:59:55",457,,457,,,,,457,,,,updated_from_actual_data,
950,112096,989582,"2025-06-07 20:59:55",455,,455,,,,,455,,,,updated_from_actual_data,
951,83867,953880,"2025-06-07 20:59:55",425,,425,,,,,425,,,,updated_from_actual_data,
952,83867,953881,"2025-06-07 20:59:55",415,,415,,,,,415,,,,updated_from_actual_data,
953,83867,953878,"2025-06-07 20:59:55",404,,404,,,,,404,,,,updated_from_actual_data,
954,75225,951488,"2025-06-07 20:59:55",393,,393,,,,,393,,,,updated_from_actual_data,
955,85639,922926,"2025-06-07 20:59:55",347,,347,,,,,347,,,,updated_from_actual_data,
956,138666,925823,"2025-06-07 20:59:55",345,,345,,,,,345,,,,updated_from_actual_data,
957,179651,969081,"2025-06-07 20:59:55",335,,335,,,,,335,,,,updated_from_actual_data,
958,44272,951867,"2025-06-07 20:59:55",326,,326,,,,,326,,,,updated_from_actual_data,
959,91971,942764,"2025-06-07 20:59:55",324,,324,,,,,324,,,,updated_from_actual_data,
960,138666,925825,"2025-06-07 20:59:55",324,,324,,,,,324,,,,updated_from_actual_data,
961,69165,916548,"2025-06-07 20:59:55",306,,306,,,,,306,,,,updated_from_actual_data,
962,72086,964813,"2025-06-07 20:59:55",297,,297,,,,,297,,,,updated_from_actual_data,
963,159614,921229,"2025-06-07 20:59:55",284,,284,,,,,284,,,,updated_from_actual_data,
964,84837,985339,"2025-06-07 20:59:55",283,,283,,,,,283,,,,updated_from_actual_data,
965,43619,981158,"2025-06-07 20:59:55",277,,277,,,,,277,,,,updated_from_actual_data,
966,123423,907041,"2025-06-07 20:59:55",277,,277,,,,,277,,,,updated_from_actual_data,
967,91971,942767,"2025-06-07 20:59:55",272,,272,,,,,272,,,,updated_from_actual_data,
968,129992,961577,"2025-06-07 20:59:55",268,,268,,,,,268,,,,updated_from_actual_data,
969,87538,966120,"2025-06-07 20:59:55",264,,264,,,,,264,,,,updated_from_actual_data,
970,91971,942766,"2025-06-07 20:59:55",246,,246,,,,,246,,,,updated_from_actual_data,
971,135640,983821,"2025-06-07 20:59:55",237,,237,,,,,237,,,,updated_from_actual_data,
972,8417,959642,"2025-06-07 20:59:55",222,,222,,,,,222,,,,updated_from_actual_data,
973,158767,937582,"2025-06-07 20:59:55",215,,215,,,,,215,,,,updated_from_actual_data,
974,6020,951612,"2025-06-07 20:59:55",203,,203,,,,,203,,,,updated_from_actual_data,
975,175182,929846,"2025-06-07 20:59:55",191,,191,,,,,191,,,,updated_from_actual_data,
976,105226,923512,"2025-06-07 20:59:55",190,,190,,,,,190,,,,updated_from_actual_data,
977,14928,901357,"2025-06-07 20:59:55",189,,189,,,,,189,,,,updated_from_actual_data,
978,41554,935589,"2025-06-07 20:59:55",188,,188,,,,,188,,,,updated_from_actual_data,
979,177392,949567,"2025-06-07 20:59:55",176,,176,,,,,176,,,,updated_from_actual_data,
980,141696,976545,"2025-06-07 20:59:55",175,,175,,,,,175,,,,updated_from_actual_data,
981,71059,927311,"2025-06-07 20:59:55",172,,172,,,,,172,,,,updated_from_actual_data,
982,128166,972455,"2025-06-07 20:59:55",172,,172,,,,,172,,,,updated_from_actual_data,
983,69168,900632,"2025-06-07 20:59:55",169,,169,,,,,169,,,,updated_from_actual_data,
984,183531,995328,"2025-06-07 20:59:55",166,,166,,,,,166,,,,updated_from_actual_data,
985,48055,935082,"2025-06-07 20:59:55",160,,160,,,,,160,,,,updated_from_actual_data,
986,141180,968886,"2025-06-07 20:59:55",157,,157,,,,,157,,,,updated_from_actual_data,
987,113165,971597,"2025-06-07 20:59:55",149,,149,,,,,149,,,,updated_from_actual_data,
988,146043,1001098,"2025-06-07 20:59:55",148,,148,,,,,148,,,,updated_from_actual_data,
989,14928,901359,"2025-06-07 20:59:55",143,,143,,,,,143,,,,updated_from_actual_data,
990,69168,900631,"2025-06-07 20:59:55",140,,140,,,,,140,,,,updated_from_actual_data,
991,91971,942765,"2025-06-07 20:59:55",140,,140,,,,,140,,,,updated_from_actual_data,
992,112587,973767,"2025-06-07 20:59:55",138,,138,,,,,138,,,,updated_from_actual_data,
993,142537,951095,"2025-06-07 20:59:55",138,,138,,,,,138,,,,updated_from_actual_data,
994,169763,889719,"2025-06-07 20:59:55",134,,134,,,,,134,,,,updated_from_actual_data,
995,133058,1005194,"2025-06-07 20:59:55",132,,132,,,,,132,,,,updated_from_actual_data,
996,131087,955715,"2025-06-07 20:59:55",130,,130,,,,,130,,,,updated_from_actual_data,
997,174109,922081,"2025-06-07 20:59:55",130,,130,,,,,130,,,,updated_from_actual_data,
998,69165,916551,"2025-06-07 20:59:55",125,,125,,,,,125,,,,updated_from_actual_data,
999,91232,946040,"2025-06-07 20:59:55",121,,121,,,,,121,,,,updated_from_actual_data,
1000,163593,995384,"2025-06-07 20:59:55",117,,117,,,,,117,,,,updated_from_actual_data,
1001,73555,947971,"2025-06-07 20:59:55",116,,116,,,,,116,,,,updated_from_actual_data,
1002,112587,973768,"2025-06-07 20:59:55",115,,115,,,,,115,,,,updated_from_actual_data,
1003,177708,952817,"2025-06-07 20:59:55",112,,112,,,,,112,,,,updated_from_actual_data,
1004,128971,979735,"2025-06-07 20:59:55",109,,109,,,,,109,,,,updated_from_actual_data,
1005,177708,952816,"2025-06-07 20:59:55",109,,109,,,,,109,,,,updated_from_actual_data,
1006,141369,925676,"2025-06-07 20:59:55",105,,105,,,,,105,,,,updated_from_actual_data,
1007,159258,943431,"2025-06-07 20:59:55",105,,105,,,,,105,,,,updated_from_actual_data,
1008,48055,935081,"2025-06-07 20:59:55",102,,102,,,,,102,,,,updated_from_actual_data,
1009,91232,946041,"2025-06-07 20:59:55",100,,100,,,,,100,,,,updated_from_actual_data,
1010,91232,946043,"2025-06-07 20:59:55",100,,100,,,,,100,,,,updated_from_actual_data,
1011,91232,946045,"2025-06-07 20:59:55",100,,100,,,,,100,,,,updated_from_actual_data,
1012,91232,946047,"2025-06-07 20:59:55",100,,100,,,,,100,,,,updated_from_actual_data,
1013,91232,946049,"2025-06-07 20:59:55",100,,100,,,,,100,,,,updated_from_actual_data,
1014,91232,946051,"2025-06-07 20:59:55",100,,100,,,,,100,,,,updated_from_actual_data,
1015,91232,946053,"2025-06-07 20:59:55",100,,100,,,,,100,,,,updated_from_actual_data,
1016,91232,946055,"2025-06-07 20:59:55",100,,100,,,,,100,,,,updated_from_actual_data,
1017,91232,946057,"2025-06-07 20:59:55",100,,100,,,,,100,,,,updated_from_actual_data,
1018,91232,946059,"2025-06-07 20:59:55",100,,100,,,,,100,,,,updated_from_actual_data,
1019,128641,920724,"2025-06-07 20:59:55",99,,99,,,,,99,,,,updated_from_actual_data,
1020,109351,938108,"2025-06-07 20:59:55",97,,97,,,,,97,,,,updated_from_actual_data,
1021,128971,979736,"2025-06-07 20:59:55",97,,97,,,,,97,,,,updated_from_actual_data,
1022,169365,886578,"2025-06-07 20:59:55",97,,97,,,,,97,,,,updated_from_actual_data,
1023,129862,910084,"2025-06-07 20:59:55",95,,95,,,,,95,,,,updated_from_actual_data,
1024,69165,916550,"2025-06-07 20:59:55",90,,90,,,,,90,,,,updated_from_actual_data,
1025,142729,977633,"2025-06-07 20:59:55",90,,90,,,,,90,,,,updated_from_actual_data,
1026,141180,968887,"2025-06-07 20:59:55",88,,88,,,,,88,,,,updated_from_actual_data,
1027,159614,921231,"2025-06-07 20:59:55",87,,87,,,,,87,,,,updated_from_actual_data,
1028,133058,1005190,"2025-06-07 20:59:55",84,,84,,,,,84,,,,updated_from_actual_data,
1029,160209,981759,"2025-06-07 20:59:55",84,,84,,,,,84,,,,updated_from_actual_data,
1030,180452,975508,"2025-06-07 20:59:55",83,,83,,,,,83,,,,updated_from_actual_data,
1031,123423,907043,"2025-06-07 20:59:55",82,,82,,,,,82,,,,updated_from_actual_data,
1032,92466,946017,"2025-06-07 20:59:55",80,,80,,,,,80,,,,updated_from_actual_data,
1033,26985,962599,"2025-06-07 20:59:55",78,,78,,,,,78,,,,updated_from_actual_data,
1034,86373,987522,"2025-06-07 20:59:55",78,,78,,,,,78,,,,updated_from_actual_data,
1035,174109,922080,"2025-06-07 20:59:55",76,,76,,,,,76,,,,updated_from_actual_data,
1036,314,915644,"2025-06-07 20:59:55",75,,75,,,,,75,,,,updated_from_actual_data,
1037,71059,927312,"2025-06-07 20:59:55",75,,75,,,,,75,,,,updated_from_actual_data,
1038,14928,901361,"2025-06-07 20:59:55",74,,74,,,,,74,,,,updated_from_actual_data,
1039,145382,959177,"2025-06-07 20:59:55",74,,74,,,,,74,,,,updated_from_actual_data,
1040,106886,901714,"2025-06-07 20:59:55",70,,70,,,,,70,,,,updated_from_actual_data,
1041,46698,936444,"2025-06-07 20:59:55",69,,69,,,,,69,,,,updated_from_actual_data,
1042,158767,937584,"2025-06-07 20:59:55",63,,63,,,,,63,,,,updated_from_actual_data,
1043,176695,942115,"2025-06-07 20:59:55",62,,62,,,,,62,,,,updated_from_actual_data,
1044,83952,944524,"2025-06-07 20:59:55",61,,61,,,,,61,,,,updated_from_actual_data,
1045,129362,932259,"2025-06-07 20:59:55",61,,61,,,,,61,,,,updated_from_actual_data,
1046,174767,926471,"2025-06-07 20:59:55",60,,60,,,,,60,,,,updated_from_actual_data,
1047,179651,969083,"2025-06-07 20:59:55",60,,60,,,,,60,,,,updated_from_actual_data,
1048,145382,959176,"2025-06-07 20:59:55",59,,59,,,,,59,,,,updated_from_actual_data,
1049,176619,941461,"2025-06-07 20:59:55",59,,59,,,,,59,,,,updated_from_actual_data,
1050,184316,1000694,"2025-06-07 20:59:55",59,,59,,,,,59,,,,updated_from_actual_data,
1051,60888,960687,"2025-06-07 20:59:55",57,,57,,,,,57,,,,updated_from_actual_data,
1052,151573,935796,"2025-06-07 20:59:55",57,,57,,,,,57,,,,updated_from_actual_data,
1053,169365,886577,"2025-06-07 20:59:55",57,,57,,,,,57,,,,updated_from_actual_data,
1054,163286,971593,"2025-06-07 20:59:55",55,,55,,,,,55,,,,updated_from_actual_data,
1055,174767,926472,"2025-06-07 20:59:55",51,,51,,,,,51,,,,updated_from_actual_data,
1056,176021,936333,"2025-06-07 20:59:55",49,,49,,,,,49,,,,updated_from_actual_data,
1057,176019,936326,"2025-06-07 20:59:55",47,,47,,,,,47,,,,updated_from_actual_data,
1058,142537,951096,"2025-06-07 20:59:55",46,,46,,,,,46,,,,updated_from_actual_data,
1059,6020,951613,"2025-06-07 20:59:55",45,,45,,,,,45,,,,updated_from_actual_data,
1060,160894,959266,"2025-06-07 20:59:55",45,,45,,,,,45,,,,updated_from_actual_data,
1061,128971,979737,"2025-06-07 20:59:55",43,,43,,,,,43,,,,updated_from_actual_data,
1062,133058,1005195,"2025-06-07 20:59:55",43,,43,,,,,43,,,,updated_from_actual_data,
1063,147971,950111,"2025-06-07 20:59:55",43,,43,,,,,43,,,,updated_from_actual_data,
1064,163286,971594,"2025-06-07 20:59:55",43,,43,,,,,43,,,,updated_from_actual_data,
1065,44272,951868,"2025-06-07 20:59:55",42,,42,,,,,42,,,,updated_from_actual_data,
1066,44272,951869,"2025-06-07 20:59:55",42,,42,,,,,42,,,,updated_from_actual_data,
1067,175179,929834,"2025-06-07 20:59:55",41,,41,,,,,41,,,,updated_from_actual_data,
1068,145382,959178,"2025-06-07 20:59:55",40,,40,,,,,40,,,,updated_from_actual_data,
1069,60888,960688,"2025-06-07 20:59:55",39,,39,,,,,39,,,,updated_from_actual_data,
1070,105226,923513,"2025-06-07 20:59:55",39,,39,,,,,39,,,,updated_from_actual_data,
1071,176021,936334,"2025-06-07 20:59:55",39,,39,,,,,39,,,,updated_from_actual_data,
1072,43619,981160,"2025-06-07 20:59:55",37,,37,,,,,37,,,,updated_from_actual_data,
1073,81794,996017,"2025-06-07 20:59:55",37,,37,,,,,37,,,,updated_from_actual_data,
1074,169365,886576,"2025-06-07 20:59:55",37,,37,,,,,37,,,,updated_from_actual_data,
1075,172137,971256,"2025-06-07 20:59:55",37,,37,,,,,37,,,,updated_from_actual_data,
1076,71835,954306,"2025-06-07 20:59:55",36,,36,,,,,36,,,,updated_from_actual_data,
1077,73555,947974,"2025-06-07 20:59:55",36,,36,,,,,36,,,,updated_from_actual_data,
1078,146894,996266,"2025-06-07 20:59:55",36,,36,,,,,36,,,,updated_from_actual_data,
1079,105226,923514,"2025-06-07 20:59:55",34,,34,,,,,34,,,,updated_from_actual_data,
1080,84837,985340,"2025-06-07 20:59:55",33,,33,,,,,33,,,,updated_from_actual_data,
1081,21040,1003297,"2025-06-07 20:59:55",32,,32,,,,,32,,,,updated_from_actual_data,
1082,79347,1002630,"2025-06-07 20:59:55",32,,32,,,,,32,,,,updated_from_actual_data,
1083,83952,944525,"2025-06-07 20:59:55",32,,32,,,,,32,,,,updated_from_actual_data,
1084,87538,966123,"2025-06-07 20:59:55",32,,32,,,,,32,,,,updated_from_actual_data,
1085,131087,955716,"2025-06-07 20:59:55",32,,32,,,,,32,,,,updated_from_actual_data,
1086,88735,923372,"2025-06-07 20:59:55",31,,31,,,,,31,,,,updated_from_actual_data,
1087,128166,972456,"2025-06-07 20:59:55",31,,31,,,,,31,,,,updated_from_actual_data,
1088,92876,910094,"2025-06-07 20:59:55",30,,30,,,,,30,,,,updated_from_actual_data,
1089,184505,1002088,"2025-06-07 20:59:55",30,,30,,,,,30,,,,updated_from_actual_data,
1090,6020,951614,"2025-06-07 20:59:55",29,,29,,,,,29,,,,updated_from_actual_data,
1091,124118,977461,"2025-06-07 20:59:55",29,,29,,,,,29,,,,updated_from_actual_data,
1092,176019,936325,"2025-06-07 20:59:55",29,,29,,,,,29,,,,updated_from_actual_data,
1093,86751,1003385,"2025-06-07 20:59:55",28,,28,,,,,28,,,,updated_from_actual_data,
1094,147971,950118,"2025-06-07 20:59:55",28,,28,,,,,28,,,,updated_from_actual_data,
1095,8417,959643,"2025-06-07 20:59:55",26,,26,,,,,26,,,,updated_from_actual_data,
1096,10191,984764,"2025-06-07 20:59:55",26,,26,,,,,26,,,,updated_from_actual_data,
1097,110937,971550,"2025-06-07 20:59:55",26,,26,,,,,26,,,,updated_from_actual_data,
1098,114076,933340,"2025-06-07 20:59:55",26,,26,,,,,26,,,,updated_from_actual_data,
1099,114076,933341,"2025-06-07 20:59:55",23,,23,,,,,23,,,,updated_from_actual_data,
1100,133058,1005191,"2025-06-07 20:59:55",23,,23,,,,,23,,,,updated_from_actual_data,
1101,48055,935084,"2025-06-07 20:59:55",22,,22,,,,,22,,,,updated_from_actual_data,
1102,163035,949454,"2025-06-07 20:59:55",22,,22,,,,,22,,,,updated_from_actual_data,
1103,11018,993993,"2025-06-07 20:59:55",20,,20,,,,,20,,,,updated_from_actual_data,
1104,84837,985341,"2025-06-07 20:59:55",20,,20,,,,,20,,,,updated_from_actual_data,
1105,35045,1002092,"2025-06-07 20:59:55",19,,19,,,,,19,,,,updated_from_actual_data,
1106,84837,985342,"2025-06-07 20:59:55",19,,19,,,,,19,,,,updated_from_actual_data,
1107,85972,922329,"2025-06-07 20:59:55",19,,19,,,,,19,,,,updated_from_actual_data,
1108,21040,1003296,"2025-06-07 20:59:55",18,,18,,,,,18,,,,updated_from_actual_data,
1109,128971,979740,"2025-06-07 20:59:55",18,,18,,,,,18,,,,updated_from_actual_data,
1110,133015,950481,"2025-06-07 20:59:55",17,,17,,,,,17,,,,updated_from_actual_data,
1111,109272,964197,"2025-06-07 20:59:55",16,,16,,,,,16,,,,updated_from_actual_data,
1112,144160,935587,"2025-06-07 20:59:55",16,,16,,,,,16,,,,updated_from_actual_data,
1113,164667,887768,"2025-06-07 20:59:55",16,,16,,,,,16,,,,updated_from_actual_data,
1114,86294,945653,"2025-06-07 20:59:55",15,,15,,,,,15,,,,updated_from_actual_data,
1115,159614,921230,"2025-06-07 20:59:55",15,,15,,,,,15,,,,updated_from_actual_data,
1116,174767,926473,"2025-06-07 20:59:55",15,,15,,,,,15,,,,updated_from_actual_data,
1117,184505,1002087,"2025-06-07 20:59:55",15,,15,,,,,15,,,,updated_from_actual_data,
1118,87538,966122,"2025-06-07 20:59:55",14,,14,,,,,14,,,,updated_from_actual_data,
1119,183531,995329,"2025-06-07 20:59:55",14,,14,,,,,14,,,,updated_from_actual_data,
1120,70138,977230,"2025-06-07 20:59:55",13,,13,,,,,13,,,,updated_from_actual_data,
1121,145382,959179,"2025-06-07 20:59:55",13,,13,,,,,13,,,,updated_from_actual_data,
1122,174767,928979,"2025-06-07 20:59:55",13,,13,,,,,13,,,,updated_from_actual_data,
1123,176450,939637,"2025-06-07 20:59:55",13,,13,,,,,13,,,,updated_from_actual_data,
1124,123423,907045,"2025-06-07 20:59:55",12,,12,,,,,12,,,,updated_from_actual_data,
1125,129362,932260,"2025-06-07 20:59:55",12,,12,,,,,12,,,,updated_from_actual_data,
1126,83867,953883,"2025-06-07 20:59:55",11,,11,,,,,11,,,,updated_from_actual_data,
1127,184361,1001124,"2025-06-07 20:59:55",11,,11,,,,,11,,,,updated_from_actual_data,
1128,129362,948898,"2025-06-07 20:59:55",10,,10,,,,,10,,,,updated_from_actual_data,
1129,166710,1007456,"2025-06-07 20:59:55",10,,10,,,,,10,,,,updated_from_actual_data,
1130,81710,975447,"2025-06-07 20:59:55",9,,9,,,,,9,,,,updated_from_actual_data,
1131,146043,1001099,"2025-06-07 20:59:55",9,,9,,,,,9,,,,updated_from_actual_data,
1132,179750,969848,"2025-06-07 20:59:55",9,,9,,,,,9,,,,updated_from_actual_data,
1133,184505,1002086,"2025-06-07 20:59:55",9,,9,,,,,9,,,,updated_from_actual_data,
1134,57702,996513,"2025-06-07 20:59:55",8,,8,,,,,8,,,,updated_from_actual_data,
1135,113717,889647,"2025-06-07 20:59:55",8,,8,,,,,8,,,,updated_from_actual_data,
1136,163593,995385,"2025-06-07 20:59:55",8,,8,,,,,8,,,,updated_from_actual_data,
1137,184050,998929,"2025-06-07 20:59:55",8,,8,,,,,8,,,,updated_from_actual_data,
1138,176695,942116,"2025-06-07 20:59:55",7,,7,,,,,7,,,,updated_from_actual_data,
1139,62835,907463,"2025-06-07 20:59:55",6,,6,,,,,6,,,,updated_from_actual_data,
1140,133402,991645,"2025-06-07 20:59:55",6,,6,,,,,6,,,,updated_from_actual_data,
1141,144160,935588,"2025-06-07 20:59:55",6,,6,,,,,6,,,,updated_from_actual_data,
1142,159760,950051,"2025-06-07 20:59:55",6,,6,,,,,6,,,,updated_from_actual_data,
1143,184050,998930,"2025-06-07 20:59:55",6,,6,,,,,6,,,,updated_from_actual_data,
1144,184050,998932,"2025-06-07 20:59:55",6,,6,,,,,6,,,,updated_from_actual_data,
1145,41554,935590,"2025-06-07 20:59:55",5,,5,,,,,5,,,,updated_from_actual_data,
1146,46698,936445,"2025-06-07 20:59:55",5,,5,,,,,5,,,,updated_from_actual_data,
1147,151545,973186,"2025-06-07 20:59:55",5,,5,,,,,5,,,,updated_from_actual_data,
1148,163593,995386,"2025-06-07 20:59:55",5,,5,,,,,5,,,,updated_from_actual_data,
1149,174109,922083,"2025-06-07 20:59:55",5,,5,,,,,5,,,,updated_from_actual_data,
1150,176384,938913,"2025-06-07 20:59:55",5,,5,,,,,5,,,,updated_from_actual_data,
1151,44272,951870,"2025-06-07 20:59:55",4,,4,,,,,4,,,,updated_from_actual_data,
1152,113717,889648,"2025-06-07 20:59:55",4,,4,,,,,4,,,,updated_from_actual_data,
1153,123423,907042,"2025-06-07 20:59:55",4,,4,,,,,4,,,,updated_from_actual_data,
1154,165742,991873,"2025-06-07 20:59:55",4,,4,,,,,4,,,,updated_from_actual_data,
1155,180428,975281,"2025-06-07 20:59:55",4,,4,,,,,4,,,,updated_from_actual_data,
1156,184050,998931,"2025-06-07 20:59:55",4,,4,,,,,4,,,,updated_from_actual_data,
1157,86294,945656,"2025-06-07 20:59:55",3,,3,,,,,3,,,,updated_from_actual_data,
1158,86845,1005149,"2025-06-07 20:59:55",3,,3,,,,,3,,,,updated_from_actual_data,
1159,113717,889646,"2025-06-07 20:59:55",3,,3,,,,,3,,,,updated_from_actual_data,
1160,165311,935339,"2025-06-07 20:59:55",3,,3,,,,,3,,,,updated_from_actual_data,
1161,138666,925828,"2025-06-07 20:59:55",2,,2,,,,,2,,,,updated_from_actual_data,
1162,151545,1002487,"2025-06-07 20:59:55",2,,2,,,,,2,,,,updated_from_actual_data,
1163,163035,949455,"2025-06-07 20:59:55",2,,2,,,,,2,,,,updated_from_actual_data,
1164,180951,978819,"2025-06-07 20:59:55",1,,1,,,,,1,,,,updated_from_actual_data,
